CÓDIGO_IES_PADRE,CÓDIGO_INSTITUCIÓN,NOMBRE_INSTITUCIÓN,ESTADO,NÚM_IDENTIFIC_TRIBUTARIA_NIT,PRINCIPAL_SECCIONAL,NATURALEZA_JURÍDICA,SECTOR,CARÁCTER_ACADÉMICO,DEPARTAMENTO_DOMICILIO,MUNICIPIO_DOMICILIO,DIRECCIÓN_DOMICILIO,TELÉFONO_DOMICILIO,ENTE_EMITE_NORMA_CREACIÓN,ACTO_ADMIN_NORMA_DE_CREACIÓN,NÚMERO_NORMA_DE_CREACIÓN,FECHA_NORMA_DE_CREACIÓN,PROGRAMAS_VIGENTES,PROGRAMAS_EN_CONVENIO,PÁGINA_WEB,ACREDITADA_ALTA_CALIDAD,FECHA_ACREDITACIÓN,RESOLUCIÓN_DE_LA_ACREDITACIÓN,VIGENCIA_DE_LA_ACREDITACIÓN,MISIÓN
1101,1101,UNIVERSIDAD NACIONAL DE COLOMBIA,Activa,899.999.063-3,Principal,Nacional,Oficial,Universidad,"Bogotá, D.C.","Bogotá, D.C.",Carrera 45 #26 - 85,3165000,Ley,Congreso de la Rep¿blica,66,###############################################################################################################################################################################################################################################################,273,3,www.unal.edu.co,S,25-08-2021,15859,10,MISION
1101,1102,UNIVERSIDAD NACIONAL DE COLOMBIA,Activa,899.999.063-3,Seccional,Nacional,Oficial,Universidad,Antioquia,Medellín,"Calle 59A No 63 - 20, N¿cleo El Volador",4309000,Ley,Congreso de la Republica,66,###############################################################################################################################################################################################################################################################,124,,www.medellin.unal.edu.co,S,25-08-2021,15859,10,MISION
1101,1103,UNIVERSIDAD NACIONAL DE COLOMBIA,Activa,899.999.063-3,Seccional,Nacional,Oficial,Universidad,Caldas,Manizales,Carrera 27 No. 64-60,8879300,Ley,Congreso de la Republica,66,###############################################################################################################################################################################################################################################################,67,,www.manizales.unal.edu.co,S,25-08-2021,15859,10,"SERVIR A LA SOCIEDAD MEDIANTE LA CONSTRUCCI¿N DE NACI¿N DESDE LA REGI¿N, Y LA FORMACI¿N DE PROFESIONALES INTEGRALES, COMPETENTES NACIONAL E INTERNACIONALMENTE.

CON UNA BASE ¿TICA, HUMAN¿STICA, CIENT¿FICA,CREATIVA,CR¿TICA Y SOCIALMENTE RESPONSABLE, LA UNIVERSIDAD SE PROYECTA MEDIANTE LA DOCENCIA, LA INVESTIGACI¿N Y LA EXTENSI¿N,CONROGRAMAS DE IMPACTO SOCIAL A PARTIR DE LA DIVERSIDAD Y LA PLURALIDAD."
1101,1104,UNIVERSIDAD NACIONAL DE COLOMBIA,Activa,899.999.063-3,Seccional,Nacional,Oficial,Universidad,Valle del Cauca,Palmira,"Carrera 32 No 12 - 00 Chapinero, V¿a Candelaria",2868888,Ley,Congreso de la Republica,66,###############################################################################################################################################################################################################################################################,22,,www.palmira.unal.edu.co,S,25-08-2021,15859,10,"SE DEFINE COMO UN ENTE AUTONOMO, QUE CONFORME A LA CONSTITUCION NACIONAL DEBE CUMPLIR FUNCIONES DE ESTADO FRENTE A: LA PROMOCION DE LA EXCELENCIA DE LA EDUCACION SUPERIOR, EL FOMENTO DEL ACCESO A ELLA, EL DESARROLLO DE LAS CIENCIAS Y LAS ARTES, LA ASIMILACION Y PRODUCCION DEL CONOCIMIENTO REQUERIDO POR EL INTERES PUBLICO Y LA INTERACION E INTEGRACION ESTRATEGICA CON DIVERSOS SECTORES DE LA SOCIEDAD CIVIL PROPENDIENDO POR LA FORMACION DE CIUDADANOS SENSIBLES A LOS INTERESES NACIONALES, LIBRES, CREATIVOS, CRITICOS, RESPUTUOSOS DE LOS VALORES DEMOCRATICOS, LOS DEBERES CIVILES Y LOS DERECHOS HUMANOS. COMO UNIVERSIDAD PUBLICA, SE RECONOCE COMO UN CENTRO DE VIDA INTELECTUAL Y CULTURAL ABIERTO A TODAS LAS CORRIENTES DE PENSAMIENTO Y A TODOS LOS SECTORES SOCIALES Y CULTURALES DEL TERRITORIO NACIONAL. COMO UNIVERSIDAD NACIONAL, SEGUN SU ORIGEN HISTORICO, DEBER SERVIR A LA TAREA PERMANENTE DE LA CONSTRUCCION DE LA NACIONALIDAD EN UN PAIS PLURICULTURAL Y MULTIETNICO QUE DEBE PRESERVAR Y APROVECHAR SU RIQUEZA EN BIODIVERSIDAD Y RECURSOS NATURALES RENOVABLES Y NO RENOVABLES."
1105,1105,UNIVERSIDAD PEDAGOGICA NACIONAL,Activa,899.999.124-4,Principal,Nacional,Oficial,Universidad,"Bogotá, D.C.","Bogotá, D.C.",Calle  73  No.11-95,3471190,Decreto,Gobierno Nacional,197,01-02-1955,41,,www.pedagogica.edu.co,S,12-08-2021,14621,6,"LA UNIVERSIDAD PEDAGOGICA NACIONAL IMPULSA CONFORME A SUS ORIGENES Y VISION LA CONSTRUCCION DEL PROYECTO PEDAGOGICO DE LA NACION.  EN TAL SENTIDO, CENTRA SU COMPROMISO NSTITUCIONAL EN LA PROMOCION INTEGRAL DE LAS PERSONAS Y EL DESARROLLO SOCIAL Y CULTURAL DEL PAIS.

DESARROLLA LOS PROCESOS DE INVESTIGACION QUE SE REQUIEREN PARA EL AVANCE CIENTIFICO, TECNOLOGICO, ARTISTICO, POLITICO Y FILOSOFICO EN EL CAMPO DE LA EDUCACION Y LA PEDAGOGIA, FORMANDO REDES EDUCATIVAS, LOCALES, REGIONALES, NACIONALES E INTERNACIONALES.

INNOVA, ORIENTA Y DINAMIZA LOS PROCESOS PEDAGOGICOS Y ASUME UN COMPROMISO DECIDIDO CON LAS INSTITUCIONES EDUCATIVAS, LA FAMILIA Y LOS MEDIOS DE COMUNICACION, MEDIANTE UN ANALISIS PERMANENTE DE LOS PROBLEMAS EDUCATIVOS.

FORMA PROFESIONALES DE LA EDUCACION Y DEMAS AGENTES EDUCATIVOS EN TODOS LOS NIVELES Y MODALIDADES DEL SITEMA EDUCATIVO DEL PAIS Y ATIENDE LOS PROCESOS EDUCATIVOS ORIENTADOS A POBLACIONES ESPECIALES, Y EN AMBITOS NO FORMALES E INFORMALES.

EVALUA EL SISTEMA EDUCATIVO NACIONAL Y RETROALIMENTA AL MINESTERIO DE EDUCACION NACIONAL Y A OTROS ORGANISMOS GUBERNAMENTALES Y NO GUBERNAMENTALES PARA LA FORMULACION DE POLITICAS Y PARA LA CREACION, IMPLEMENTACION Y EVALUACION DE PROGRMAS Y PROYECTOS DE INVESTIGACION EN EDUCACION Y PEDAGOGIA."
1106,1106,UNIVERSIDAD PEDAGOGICA Y TECNOLOGICA DE COLOMBIA - UPTC,Activa,891800330-1,Principal,Nacional,Oficial,Universidad,Boyacá,Tunja,Avenida Central del Norte 39-115,7422175,Decreto,Gobierno Nacional,2655,10-10-1953,160,,www.uptc.edu.co,S,10-12-2021,23655,6,"LA UNIVERSIDAD PEDAGOGICA Y TECNOLOGICA DE COLOMBIA (UPTC), TIENE COMO MISION LA FORMACION INTEGRAL, PROFESIONAL Y ETICA DE SUS ESTUDIANTES Y LA BUSQUEDA DE LA EXCELENCIA ACADEMICA;  EDIFICAMOS EL FUTURO POR MEDIO DE UN PROYECTO INSTITUCIONAL EN LO CIENTIFICO,  LO TECNICO, LO SOCIAL Y LO CULTURAL. CON TAL PROPOSITO,  PROMUEVE EL DESARROLLO DE LAS CAPACIDADES HUMANAS DE LA COMUNIDAD UNIVERSITARIA, A TRAVES DE LA ORIENTACION PEDAGOGICA, DE LA INVESTIGACION Y DE LA EXTENSION, LA INTERACCION CON LA SOCIEDAD Y LA CONSOLIDACION DEL SISTEMA REGIONAL UNIVERSITARIO.

LEMA

&quot;ORGULLOSOS DE NUESTRO PASADO, DESDE BOYACA, EDIFICAMOS EL FUTURO DE COLOMBIA&quot;"
1106,1107,UNIVERSIDAD PEDAGOGICA Y TECNOLOGICA DE COLOMBIA - UPTC,Activa,891800330-1,Seccional,Nacional,Oficial,Universidad,Boyacá,Duitama,Carrera 18 Calle 23,604100,Decreto,Gobierno Nacional,2655,19-03-2007,22,,www.uptc.edu.co,S,10-12-2021,23655,6,"LA U.P.T.C. TIENE COMO MISION LA CONSTRUCCION DEL FUTURO EN LA FORMACION INTEGRAL Y PROFESIONAL CON EXCELENCIA ACADEMICA.  CON TAL PROPOSITO PROMUEVE EL DESARROLLO DE LAS CAPACIDADES HUMANAS Y SE APOYA EN LA DOCENCIA CON ENFASIS EN LA ORIENTACION PEDAGOGICA.  LA INVESTIGACION Y LA
EXTENSION COMO SERVICIO A LA COMUNIDAD Y EN CONSOLIDACION DEL SISTEMA REGIONAL UNIVERSITARIO."
1106,1108,UNIVERSIDAD PEDAGOGICA Y TECNOLOGICA DE COLOMBIA - UPTC,Activa,891800330-1,Seccional,Nacional,Oficial,Universidad,Boyacá,Sogamoso,Calle 4 Sur No. 15-134,701693,Decreto,Gobierno Nacional.,2655,10-10-1953,26,,www.uptc.edu.co,S,10-12-2021,23655,6,"LA U.P.T.C. QUE A TRAVES DE LA CONSTRUCCION DEL PENSAMIENTO CRITICO Y ETICO ENCUENTRA SU GENESIS EN EL RECONOCIMIENTO DE NUESTRAS REALIDADES LOCALES Y MULTICULTURALES, PROPENDE POR EL FORTALECIMIENTO DE SU SER HISTORICO A PARTIR DE LO MUISCA Y LO HERRERA  EN LO PEDAGOGICO,DE SU SER TECNOLOGICO EN LA INNOVACION AL SERVICIO DEL PENSAMIENTO, Y DE SU SER INVESTIGATIVO EN LA CONSTRUCCION PERMANENTE DE NUEVAS REALIDADES NACIONALES, DIGNAS DE COMUNIDADES QUE DIRECTAMENTE INFLUYE A TRAVES DEL SISTYEMA REGIONAL UNIVERSITARIO.
EXTENSI¿N COMO SERVICIO A LA COMUNIDAD Y EN CONSOLIDACION DEL SISTEMA REGIONAL UNIVERSITARIO."
1106,1109,UNIVERSIDAD PEDAGOGICA Y TECNOLOGICA DE COLOMBIA - UPTC,Activa,891800330-1,Seccional,Nacional,Oficial,Universidad,Boyacá,Chiquinquirá,Calle 14A No. 2-37,262598,Decreto,Gobierno Nacional,2655,10-10-1953,8,,www.uptc.edu.co,S,10-12-2021,23655,6,MISION
1110,1110,UNIVERSIDAD DEL CAUCA,Activa,891.500.319-2,Principal,Nacional,Oficial,Universidad,Cauca,Popayán,"Claustro de Santo Domingo, Calle 5 No. 4-70",8209900,Decreto,Gobierno Nacional,0,###############################################################################################################################################################################################################################################################,121,10,www.unicauca.edu.co,S,13-06-2019,6218,8,"LA UNIVERSIDAD DEL CAUCA ES UNA INSTITUCI¿N DE EDUCACI¿N SUPERIOR, P¿BLICA, AUT¿NOMA, DEL ORDEN NACIONAL, CREADA EN LOS OR¿GENES DE LA REP¿BLICA DE COLOMBIA. 

LA UNIVERSIDAD DEL CAUCA, FUNDADA EN SU TRADICI¿N Y LEGADO HIST¿RICO, ES UN PROYECTO CULTURAL QUE TIENE UN COMPROMISO VITAL Y PERMANENTE CON EL DESARROLLO SOCIAL, MEDIANTE LA EDUCACI¿N CR¿TICA, RESPONSABLE Y CREATIVA.

LA UNIVERSIDAD FORMA PERSONAS CON INTEGRIDAD ¿TICA, PERTINENCIA E IDONEIDAD PROFESIONAL, DEM¿CRATAS COMPROMETIDAS CON EL BIENESTAR DE LA SOCIEDAD EN ARMON¿A CON EL ENTORNO.

LA UNIVERSIDAD DEL CAUCA GENERA Y SOCIALIZA LA CIENCIA, LA T¿CNICA, LA TECNOLOG¿A, EL ARTE Y LA CULTURA EN LA DOCENCIA, LA INVESTIGACI¿N Y LA PROYECCI¿N SOCIAL."
1111,1111,UNIVERSIDAD TECNOLOGICA DE PEREIRA - UTP,Activa,891.480.035-9,Principal,Nacional,Oficial,Universidad,Risaralda,Pereira,Carrera 27 #10-02,3215693,Ley,Congreso de la Rep¿blica,41,15-12-1958,159,5,www.utp.edu.co,S,28-05-2021,9597,10,"LA UNIVERSIDAD TECNOL¿GICA DE PEREIRA ES UNA UNIVERSIDAD ESTATAL, CUYOS CAMPOS DE ACCI¿N SON LA CIENCIA, LA TECNOLOG¿A, LAS ARTES Y LAS HUMANIDADES.
ES UNA COMUNIDAD UNIVERSITARIA QUE INTERACT¿A BUSCANDO EL BIEN COM¿N, EL DESARROLLO TECNOL¿GICO Y HUMAN¿STICO, EN UN AMBIENTE DE PARTICIPACI¿N Y DI¿LOGO, CARACTERIZADO POR EL PLURALISMO, LA TOLERANCIA Y EL RESPETO A LA DIFERENCIA.
COMO INSTITUCI¿N DEL SABER, DE EXCELENCIA ACAD¿MICA, ES UN POLO DE DESARROLLO QUE PROPENDE POR LA CREACI¿N, TRANSFORMACI¿N Y APLICACI¿N DEL CONOCIMIENTO EN TODAS SUS FORMAS Y EXPRESIONES, A TRAV¿S DE LA ACTIVIDAD ACAD¿MICA ENTENDI¿NDOSE ¿STA, COMO LA INVESTIGACI¿N, LA DOCENCIA Y LA EXTENSI¿N.
COMO INSTITUCI¿N EDUCATIVA Y GUIADOS POR LOS PRINCIPIOS RECTORES DE LA UNIVERSIDAD, ASUME LA FORMACI¿N INTEGRAL Y PERMANENTE DE SU COMUNIDAD EN SUS DIMENSIONES CIENT¿FICA, TECNOL¿GICA Y HUMAN¿STICA, HACIENDO DE ELLOS PROFESIONALES DE ELEVADO NIVEL ACAD¿MICO, L¿DERES DE LA DIN¿MICA SOCIAL, CON ¿TICA, SENTIDO CR¿TICO Y CAPACIDAD INVESTIGATIVA.
COMO UNIVERSIDAD DESARROLLA PROCESOS INVESTIGATIVOS EN TODOS LOS CAMPOS DEL SABER, PARA CONTRIBUIR AL MEJORAMIENTO DE LA SOCIEDAD, TENIENDO COMO PRIORIDAD EL DESARROLLO REGIONAL.


*"
1112,1112,UNIVERSIDAD DE CALDAS,Activa,890.801.063,Principal,Nacional,Oficial,Universidad,Caldas,Manizales,Calle 65  26-10,8861250,Ordenanza,Asamblea Departamental de Caldas,6,24-05-1943,162,4,www.ucaldas.edu.co,S,24-10-2018,17202,8,"LA UNIVERSIDAD DE CALDAS, EN CUMPLIMIENTO DE LA FUNCI¿N SOCIAL QUE CORRESPONDE A SU NATURALEZA P¿BLICA, TIENE LA MISI¿N DE GENERAR, APROPIAR, DIFUNDIR Y APLICAR CONOCIMIENTOS, MEDIANTE PROCESOS CURRICULARES, INVESTIGATIVOS Y DE PROYECCI¿N, PARA FORMAR INTEGRALMENTE CIUDADANOS ¿TILES A LA SOCIEDAD, APORTAR SOLUCIONES A LOS PROBLEMAS REGIONALES Y NACIONALES Y CONTRIBUIR AL DESARROLLO SUSTENTABLE Y A LA INTEGRACI¿N DEL CENTRO OCCIDENTE COLOMBIANO."
1113,1113,UNIVERSIDAD DE CORDOBA,Activa,891.080.031-3,Principal,Nacional,Oficial,Universidad,Córdoba,Montería,Carrera 6 No. 77-305,7860300,Ley,Congreso de Colombia,37,03-08-1966,72,6,www.unicordoba.edu.co,S,11-01-2023,20,6,MISION
1114,1114,UNIVERSIDAD SURCOLOMBIANA,Activa,891.180.084-2,Principal,Nacional,Oficial,Universidad,Huila,Neiva,Avenida Pastrana Borrero Carrera 1,8754753,Ley,Congreso de la Rep¿blica,13,30-01-1976,93,9,www.usco.edu.co,S,11-01-2023,23,6,MISION2
1115,1115,UNIVERSIDAD DE LA AMAZONIA,Activa,891.190.346-1,Principal,Nacional,Oficial,Universidad,Caquetá,Florencia,"Avenida Circunvalar, Barrio Porvenir",4352905,Ley,Congreso de Colombia,60,30-12-1982,41,1,www.uniamazonia.edu.co,N,,,,"LA UNIVERSIDAD DE LA AMAZONIA TIENE COMO MISION LA FORMACION DE UN SER HUMANO INTEGRAL, AUTONOMO, CRITICO Y CAPAZ DE CONTRIBUIR ACTIVAMENTE A LA GENERACION, DIFUSION Y APLICACION DEL SABER CIENTIFICO Y TECNOLOGICO Y DE COMPROMETERSE CON LA TRANSFORMACION DE SU REALIDAD Y LA PARTICIPACION EN EL DESARROLLO SUSTENTABLE DE LA AMAZONIA; MEDIANTE UNA EDUCACION PERMANENTE, SIN LIMITES Y DEMOCRATICA, DE LA INVESTIGACION Y DE LA CIENCIA."
1117,1117,UNIVERSIDAD MILITAR-NUEVA GRANADA,Activa,800.225.340,Principal,Nacional,Oficial,Universidad,"Bogotá, D.C.","Bogotá, D.C.",Carrera 11 No. 101-80,2159689,Decreto ley,Congreso de la Republica,84,23-01-1980,126,,www.umng.edu.co,S,06-07-2022,13147,8,MISION
1118,1118,UNIVERSIDAD TECNOLOGICA DEL CHOCO-DIEGO LUIS CORDOBA,Activa,891.680.089-4,Principal,Nacional,Oficial,Universidad,Chocó,Quibdó,Ciudadela Universitaria Barrio Nicolas Medrano,6710237,Ley,Congreso de Colombia,38,18-11-1968,37,2,www.utch.edu.co,N,,,,MISION
1119,1119,UNIVERSIDAD DE LOS LLANOS,Activa,892.000.757-3,Principal,Nacional,Oficial,Universidad,Meta,Villavicencio,"Kil¿metro 12 V¿a Puerto L¿pez, Vereda Barcelona",6616800,Decreto,Gobierno Nacional,2513,25-11-1974,57,2,www.rectoria@unillanos.edu.co,S,08-04-2022,5310,6,"LA UNIVERSIDAD DE LOS LLANOS FORMA INTEGRALMENTE CIUDADANOS, PROFESIONALES Y CIENTIFICOS CON SENSIBILIDAD Y APRECIO POR EL PATRIMONIO HISTORICO, SOCIAL, CULTURAL Y ECOLOGICO DE LA HUMANIDAD, COMPETENTES Y COMPROMETIDOS EN LA SOLUCION DE LOS PROBLEMAS DE LA ORINOQUIA Y EL PAIS CON VISION UNIVERSAL, CONSERVANDO SU NATURALEZA COMO CENTRO DE GENERACION, PRESERVACION, TRANSMISION Y DIFUSION DEL CONOCIMIENTO Y LA CULTURA."
1120,1120,UNIVERSIDAD POPULAR DEL CESAR,Activa,892.300.285-6,Principal,Nacional,Oficial,Universidad,Cesar,Valledupar,Sede Balneario Hurtado,5843517,Ley,Congreso de Colombia.,34,19-11-1976,53,16,www.unicesar.edu.co,N,,,,"LA UNIVERSIDAD POPULAR DEL CESAR, COMO ENTE DE EDUCACI¿N SUPERIOR DEL ORDEN NACIONAL Y DE CAR¿CTER P¿BLICO, ES CREADORA, TRANSFORMADORA, DEPOSITARIA Y DIFUSORA DE CONOCIMIENTOS MEDIANTE PROCESOS PEDAG¿GICOS, CIENT¿FICOS, MULTIDISCIPLINARIOS Y CULTURALES, CON FUNDAMENTO EN LA CALIDAD ACAD¿MICA,  CON RESPONSABILIDAD ¿TICA Y SOCIAL, EN EL MARCO DE SU IDENTIDAD SOCIOCULTURAL Y LA COOPERACI¿N INTERNACIONAL. FORMA PERSONAS CON SENTIDO CR¿TICO, PARTICIPATIVO, COMO ACTORES DE LA INVESTIGACI¿N CIENT¿FICA PARA EL DESARROLLO Y AGENTES PROMOTORES DE LA CIVILIDAD, LA PAZ, LOS VALORES Y EL RESPETO POR LOS DERECHOS HUMANOS Y LA CONSERVACI¿N DEL MEDIO AMBIENTE."
1121,1121,UNIVERSIDAD-COLEGIO MAYOR DE CUNDINAMARCA,Activa,800.144.829-9,Principal,Nacional,Oficial,Universidad,"Bogotá, D.C.","Bogotá, D.C.",CALLE 28 # 5B - 02,2418800,Ley,Congreso de Colombia,48,17-12-1945,35,,www.universidadmayor.edu.co,S,11-01-2023,21,6,
1122,1122,UNIVERSIDAD DEL PACIFICO,Activa,835.000.300-4,Principal,Nacional,Oficial,Universidad,Valle del Cauca,Buenaventura,Avenida Sim¿n Bolivar  54A-10,2449675,Ley,Congreso de la Republica,65,14-12-1988,11,,www.unipacifico.edu.co,N,,,,"GENERAR, COMPARTIR Y TRANSMITIR EL CONOCIMIENTO; OFRECER CON CALIDAD EL SERVICIO PUBLICO DE LA EDUCACION SUPERIOR; FORMAR CIUDADANOS ETICOS, RESPONSABLES, COMPROMETIDOS CON SU COMUNIDAD, CON EL DESARROLLO SOSTENIBLE Y CON EL RECONOCIMIENTO DE SU IDENTIDAD CULTURAL Y DE LOS VALORES HUMANOS; MANTENER ALIANZAS CON ENTIDADES NACIONALES E INTERNACIONALES, Y CONTRIBUIR AL DESARROLLO DE LA REGION PACIFICO Y DE LA NACION COLOMBIANA."
1120,1123,UNIVERSIDAD POPULAR DEL CESAR,Activa,892.300.285-6,Seccional,Nacional,Oficial,Universidad,Cesar,Aguachica,Cra. 40  v¿a al Mar,5654900,Ley,Congreso de Colombia.,34,19-11-1976,10,,www.unicesar.edu.co,N,,,,
1101,1124,UNIVERSIDAD NACIONAL DE COLOMBIA,Activa,899.999.063-3,Seccional,Nacional,Oficial,Universidad,Arauca,Arauca,Kil¿metro 9 v¿a a Ca¿o Lim¿n,8853004,Ley,Congreso de la Republica,66,31-12-1969,,,www.arauca.unal.edu.co,S,25-08-2021,15859,10,
1101,1125,UNIVERSIDAD NACIONAL DE COLOMBIA,Activa,899.999.063-3,Seccional,Nacional,Oficial,Universidad,Amazonas,Leticia,km 2 Via Leticia - Tarapaca,5927254,Ley,Congreso de la Republica,66,31-12-1969,4,,www.imani.unal.edu.co,S,25-08-2021,15859,10,
1101,1126,UNIVERSIDAD NACIONAL DE COLOMBIA,Activa,899.999.063-3,Seccional,Nacional,Oficial,Universidad,"Archipiélago de San Andrés, Providencia y Santa Catalina",San Andrés,Carretera Circunvalar San Luis,5133310,Ley,Congreso de la Republica,66,31-12-1969,4,,www.caribe.unal.edu.co,S,25-08-2021,15859,10,
1201,1201,UNIVERSIDAD DE ANTIOQUIA,Activa,890.980.040-8,Principal,Departamental,Oficial,Universidad,Antioquia,Medellín,CLLE 67 No. 53 - 108,2128332,Ley,Asamblea,71,31-12-1969,341,2,www.udea.edu.co,S,14-07-2023,12029,10,MISION
1202,1202,UNIVERSIDAD DEL ATLANTICO,Activa,890.102.257-3,Principal,Departamental,Oficial,Universidad,Atlántico,Puerto Colombia,CARRERA 30 No. 8 - 49 PUERTO COLOMBIA - ATL¿NTICO,3162666,Ordenanza,Asamblea Departamental del Atlantico,42,15-06-1946,120,9,www.uniatlantico.edu.co,S,31-10-2024,20199,6,"LA UNIVERSIDAD DEL ATLANTICO ES UN ESTABLECIMIENTO OFICIAL DEL ORDEN DEPARTAMENTAL Y EN EL EJERCICIO PLENO DE SU AUTONOMIA OFRECE PROGRAMAS A NIVEL DE DE PREGRADO Y POSTGRADO EN LAS AREAS DE CONOCIMIENTOS DE LAS CIENCIAS DE LA EDUCACION , CIENCIAS JURIDICAS, CIENCIAS DE LA SALUD, CIENCIAS ECONOMICAS, INGENIERIA, ARQUITECTURA Y LAS BELLAS ARTES, DIRIGIDOS A LA FORMACION DE RECURSOS HUMANOS NECESARIOS PARA EL DESARROLLO SOCIOECONOMICO DE LA COSTA NORTE DEL PAIS, A TRAVES DE LA INVESTIGACION Y EL ANALISIS DE SUS PROBLEMAS.
LA INVESTIGACION CIENTIFICA SERA EL FUNDAMENTO ESCENCIAL DE LA ENSE?ANZA Y EL APRENDIZAJE DE LA PROYECCION A LA COMUNIDAD, DE LA PRESTACION DE SERVICIOS Y LA PROMOCION CULTURAL Y ARTISTICA.
LA UNIVERSIDAD DEL ATLANTICO MANTENDRA UNA AMPLIA INTERRELACION CON SU ENTORNO ECONOMICO Y SOCIAL, Y POR LO TANTO ORIENTARA SU OFERTA HACIA AQUELLAS PROFESIONES QUE CONTRIBUYAN AL DESARROLLO DE LA REGION Y EL PAIS.
COMO VERTICE DEL SISTEMA EDUCATIVO FORMAL, ORIENTARA SU ACCION HACIA SU PERMANENTE CONSOLIDACION COMO CENTRO DE CULTURA Y DE CIENCIA,
Y HACIA LA FORMACION INTEGRAL DE SUS EGRESADOS PARA FACILITARLES EL ACCESO A TODA LA PRODUCCION CULTURAL Y EL EJERCICIO PROFESIONAL.
A TRAVES DE SUS PROGRAMAS DE EXTENSION, LA UNIVERSIDAD BUSCARA UNA MAYOR INTEGRACION CON LA COMUNIDAD Y LA PARTICIPACION EN EL DESARROLLO DE LA REGION Y EL PAIS. POR ESTA RAZON LA EXTENSION ESTARA ESTRECHAMENTE RELACIONADA CON LOS PROGRAMAS DE FORMACION Y DE INVESTIGACION."
1203,1203,UNIVERSIDAD DEL VALLE,Activa,8903990106,Principal,Departamental,Oficial,Universidad,Valle del Cauca,Santiago de Cali,"Ciudad Universitaria Melendez, Calle 13 100-00",3212100,Ordenanza,Asamblea Departamental del Valle,12,11-06-1945,304,5,www.univalle.edu.co,S,15-05-2024,7464,10,* *
1204,1204,UNIVERSIDAD INDUSTRIAL DE SANTANDER,Activa,890.201.213-4,Principal,Departamental,Oficial,Universidad,Santander,Bucaramanga,Ciudad Universitaria Carrera 27 Calle 9,6344000,Ordenanza,Asamblea Departamental de Santander,83,22-06-1944,197,7,www.uis.edu.co,S,19-07-2022,14043,10,"LA UNIVERSIDAD INDUSTRIAL DE SANTANDER ES UNA ORGANIZACION QUE TIENE COMO PROPOSITO LA FORMACION DE PERSONAS DE ALTA CALIDAD ETICA, POLITICA Y PROFESIONAL; LA GENERACION Y ADECUACION DE CONOCIMIENTOS; LA CONSERVACION Y REINTERPRETACION DE LA CULTURA Y LA PARTICIPACION ACTIVA EN UN PROCESO DE CAMBIO POR EL PROGRESO Y MEJOR CALIDAD DE VIDA DE LA COMUNIDAD.
ORIENTAN SU MISION LOS PRINCIPIOS DEMOCRATICOS, LA REFLEXION CRITICA, EL EJERCICIO LIBRE DE LA CATEDRA, EL TRABAJO INTERDISCIPLINARIO Y LA RELACION CON EL MUNDO EXTERNO.
SUSTENTA SU TRABAJO EN LAS CUALIDADES HUMANAS DE LAS PERSONAS QUE LA INTEGRAN, EN LA CAPACIDAD LABORAL DE SUS EMPLEADOS, EN LA EXCELENCIA ACADEMICA DE SUS PROFESORES Y EN EL COMPROMISO DE LA COMUNIDAD UNIVERSITARIA CON LOS PROPOSITOS INSTITUCIONALES."
1205,1205,UNIVERSIDAD DE CARTAGENA,Activa,890.480.123-5,Principal,Departamental,Oficial,Universidad,Bolívar,Cartagena de Indias,Centro Carrera 6 No. 36-100,6600676,Decreto,el Libertador Sim¿n Bolivar,0,###############################################################################################################################################################################################################################################################,119,10,www.unicartagena.edu.co,S,18-03-2024,3095,6,MISION
1206,1206,UNIVERSIDAD DE NARIÑO,Activa,800.118.954,Principal,Departamental,Oficial,Universidad,Nariño,Pasto,"Torobajo, Carrera 22 No. 18-109",7244309,Decreto,Gobernaci¿n de Nari¿o,49,07-11-1904,122,15,www.udenar.edu.co,S,11-01-2023,22,6,"LA UNIVERSIDAD DE NARI?O ES UN ENTE UNIVERSITARIO AUTONOMO, DE CARACTER ESTATAL, COMPROMETIDO CON UNA PEDAGOGIA PARA LA CONVIVENCIA SOCIAL Y LA EXCELENCIA ACADEMICA, QUE SE RIGE POR LOS PRINCIPIOS DE LA DEMOCRACIA PARTICIPATIVA, LA TOLERANCIA Y EL RESPETO POR LA DIFERENCIA.

SU QUEHACER ESTA CENTRADO EN LA PRODUCCION DE LOS SABERES Y EL CONOCIMIENTO DE LAS CIENCIAS, LA FILOSOFIA, EL ARTE Y LA TECNOLOGIA, PARA UNA FORMACION ACADEMICO - CIENTIFICA Y CULTURAL INTEGRAL. SE PROPONE FORMAR PERSONAS CON ESPIRITU CRITICO, CREADOR Y CON CAPACIDAD DE LIDERAR EL CAMBIO SOCIAL, SEGUN LOS RETOS DE LA CONTEMPORANEIDAD.

CON FUNDAMENTO EN LA AUTONOMIA, LA LIBERTAD DE CATEDRA Y EXPRESION, LA UNIVERSIDAD CUMPLE CON SU QUEHACER INVESTIGATIVO, DOCENTE Y DE PROYECCION SOCIAL, EN UN MARCO DE LIBERTAD DE PENSAMIENTO Y PLURALISMO IDEOLOGICO.

COMO INSTITUCION UBICADA EN ZONA DE FRONTERA Y EN LA REGION ANDINO-PACIFICO-AMAZONICA, SE COMPROMETE A ORIENTAR SUS ESFUERZOS HACIA EL CONOCIMIENTO DE LOS PROBLEMAS PROPIOS DE ESTA CONDICION Y A LA BUSQUEDA DE SOLUCIONES CON CRITERIOS DE SOSTENIBILIDAD.

EN SU CALIDAD DE CENTRO DE EDUCACION PUBLICA DEL DEPARTAMENTO, GARANTIZA EL ACCESO A TODOS LOS SECTORES SOCIALES, ETNICOS, REGIONALES Y LOCALES, SIEMPRE Y CUANDO DEMUESTREN POSEER LAS CALIDADES ACADEMICAS REQUERIDAS POR LA INSTITUCION."
1207,1207,UNIVERSIDAD DEL TOLIMA,Activa,890.700.640,Principal,Departamental,Oficial,Universidad,Tolima,Ibagué,Barrio Santa Elena,2644219,Ordenanza,Asamblea Departamental del Tolima,5,21-05-1945,104,12,www.ut.edu.co,S,15-05-2024,7465,6,"LA UNIVERSIDAD DEL TOLIMA TIENE COMO MISION CONTRIBUIR AL DESARROLLO DE LA SOCIEDAD POR MEDIO DE LA GENERACION Y DIFUSION DEL CONOCIMIENTO Y LA CULTURA EN UN MARCO DE LIBERTAD DE PENSAMIENTO Y FORMACION INTEGRAL Y ETICA DEL INDIVIDUO COMO CIUDADANO, QUE APORTA AL CRECIMIENTO Y DEFENSA DEL PATRIMONIO CULTURAL DE LA NACION."
1208,1208,UNIVERSIDAD DEL QUINDIO,Activa,890.000.432-8,Principal,Departamental,Oficial,Universidad,Quindío,Armenia,Carrera 15 Calle 12 Norte,7460103,Acuerdo,Concejo Municipal de Armenia.,23,14-10-1960,57,9,www.uniquindio.edu.co,S,02-08-2022,14915,6,"LA UNIVERSIDAD DEL QUIND¿O COMO INSTITUCI¿N DE CAR¿CTER P¿BLICO TRABAJA EN LA FORMACI¿N DE PROFESIONALES CON SENTIDO HUMANO, CREATIVO E INVESTIGATIVO: BAJO LOS PRINCIPIOS Y VALORES DE LA AUTONOM¿A, LA ¿TICA, EL RESPETO POR LOS DEM¿S, EL SENTIDO DE PERTENECIA Y EL EJERCICIO DE LA DEMOCRACIA: COMPROMETIDOS CON EL DESARROLLO CULTURAL, CIENT¿FICO Y TECNOL¿GICO DE LA REGI¿N Y DEL PA¿S; CAPACITADOS PARA EJERCER SU PROFESI¿N  CON CALIDAD, RESPONSABILIDAD Y COMPETITIVIDAD, PARA CONTRIBUIR A LA CONSTRUCCI¿N Y MANTENIMIENTO DE UNA SOCIEDAD PAC¿FICA, JUSTA, SOLIDARIA E INTELIGENTE."
1209,1209,UNIVERSIDAD FRANCISCO DE PAULA SANTANDER,Activa,890.500.622,Principal,Departamental,Oficial,Universidad,Norte de Santander,San José de Cúcuta,Avenida Gran Colombia No. 12E-96,5753172,Decreto,Gobernacion Departamental de Santander,323,13-05-1970,49,1,www.ufps.edu.co,S,02-08-2022,15176,6,"EL PROPOSITO FUNDAMENTAL DE LA UNIVERSIDAD FRANCISCO DE PAULA SANTANDER ES EL QUEHACER ACADEMICO, CONCEBIDO COMO EL DESARROLLO DE LA ACTITUD INVESTIGATIVA Y SU PRACTICA; LA FORMACION DEL HOMBRE PARA QUE ASUMA SUS ROLES Y RESPONSABILIDADES SOCIALES Y SU RELACION COMO PERSONA; Y EL COMPROMISO Y ACCION SOCIAL INSTITUCIONAL BASADOS EN LA INVESTIGACION Y LA EXTENSION A LA COMUNIDAD.
LA UNIVERSIDAD FRANCISCO DE PAULA SANTANDER PROMUEVE EL CONOCIMIENTO Y LA REAFIRMACION DE LOS VALORES DE LA NACIONALIDAD, LOS DERECHOS HUMANOS Y LA PAZ, MANTENIENDO UN CARACTER DEMOCRATICO Y PLURALISTA; Y SU ACCESO ESTA ABIERTO EN IGUALDAD DE OPORTUNIDADES A QUIENES DEMUESTREN POSEER LAS CONDICIONES ACADEMICAS REQUERIDAS. ES PROPOSITO DE LA UNIVERSIDAD SER FACTOR DETERMINANTE EN EL DESARROLLO NACIONAL Y REGIONAL, MEDIANTE SU INTEGRACION CON LOS SECTORES SOCIOECONOMICOS."
1209,1210,UNIVERSIDAD FRANCISCO DE PAULA SANTANDER,Activa,800163130-0,Seccional,Departamental,Oficial,Universidad,Norte de Santander,Ocaña,Via El Algodonal,5692199,Decreto,GOBIERNO DEPARTAMENTAL,323,13-05-1970,22,,www.ufpso.edu.co,N,,,,"LA UNIVERSIDAD FRANCISCO DE PAULA SANTANDER OCA?A, ES UNA INSTITUCION DE EDUCACION SUPERIOR PUBLICA, SU PROPOSITO PRINCIPAL ES LA ACADEMIA, BASADA EN LA INVESTIGACION Y EXTENSION, FORMANDO INTEGRALMENTE INDIVIDUOS AUTONOMOS, HONESTOS Y RESPONSABLES, CON UN ALTO NIVEL COMPETITIVO, CAPACES DE TRANSFORMAR SU ENTORNO; BUSACANDO EL MEJORAMIENTO DE LA CALIDAD DE LA VIDA DE LOS OCA?EROS, LA PROVINCIA, EL SUR DEL CESAR, SUR DE BOLIVAR Y EN GENERAL DE TODO EL PAIS."
1212,1212,UNIVERSIDAD DE PAMPLONA,Activa,890.501.510-4,Principal,Departamental,Oficial,Universidad,Norte de Santander,Pamplona,"Ciudad Universitaria, Km.1 v¿a a Bucaramanga",6853003,Acta,Gobernaci¿n del Norte de Santander,1,23-11-1960,91,3,www.unipamplona.edu.co,S,01-08-2025,16467,6,"&quot;FORMAR PROFESIONALES INTEGRALES QUE SEAN AGENTES GENERADORES DE CAMBIO, PROMOTORES DE LA PAZ, LA DIGNIDAD HUMANA Y DEL DESARROLLO NACIONAL&quot;
LA UNIVERSIDAD DE PAMPLONA ESTA ACTUANDO  DE MANERA PERMANENTE EN LE MEJORAMIENTO DE LAS CONDICIONES DE VIDA DE LOS COLOMBIANOS, FORMANDO EN EL NIVEL DE EDUCACI¿N SUPERIOR, PERSONAS HONESTAS, CIUDADANOS  RESPONSABLES Y PROFESIONALES DE ALTO RENDIMIENTO, DESARROLLANDO  PROGRAMAS QUE ELEVEN  LA CALIDAD EDUCATIVA  INTEGRAL, IMPULSANDO LA DINAMICA ECON¿MICA, ESPECIALMENTE  A NIVEL  LOCAL Y PROMOVIENDO CONSTANTE  EN TODOS LOS ¿MBITOS LA CONCIENCIA  CIUDADANA, LA PAZ  Y EL BIENESTAR SOCIAL."
1213,1213,UNIVERSIDAD DEL MAGDALENA - UNIMAGDALENA,Activa,891.780.111-8,Principal,Departamental,Oficial,Universidad,Magdalena,Santa Marta,Cll 29H3 N. 22 - 1,4381000,Ordenanza,Asamblea Departamental del Magdalena,5,27-10-1958,102,9,https://unimagdalena.edu.co,S,04-06-2021,10288,6,"LA UNIVERSIDAD DEL MAGDALENA ES UN ENTE AUT¿NOMO DE CAR¿CTER ESTATAL, DEL ORDEN TERRITORIAL, DEDICADO AL SERVICIO P¿BLICO DE EDUCACI¿N SUPERIOR. SU PROP¿SITO FUNDAMENTAL ES FORMAR INTEGRALMENTE CIUDADANOS LIBRES DE ALTA CALIDAD PROFESIONAL, ETICA Y POL¿TICA QUE CONTRIBUYAN CON SU CONOCIMIENTO Y CAPACIDAD DE LIDERAZGO EN LOS PROCESOS DE CAMBIO Y MEJORAMIENTO DE LA CALIDAD DE VIDA, LOS DERECHOS CIVILES Y LOS DERECHOS HUMANOS DE LAS COMUNIDADES DE LOS DEPARTAMENTOS, LA REGI¿N Y EL PA¿S.
PARA  HACER POSIBLE EL CUMPLIMIENTIO DE SU MISI¿N LA UNIVERSIDAD DEL MAGDALENA TRABAJA PERMANENTEMENTE EN LA CONSTRUCCI¿N DE UNA COMUNIDAD ACAD¿MICA PARA LA CREACI¿N, DIFUSI¿N DEL CONOCIMIENTO CIENT¿FICO, T¿CNICO HUMAN¿STICO Y ART¿STICO, AS¿ COMO TAMBI¿N LA PROMOCI¿N DE LA UNIDAD NACIONAL, LA DEMOCRACIA, LA DESCENTRALIZACI¿N, LA INTEGRACION REGIONAL Y LA COOPERACI¿N INTERINSTITUCIONAL.
SU LABOR EDUCATIVA SE APOYA EN LA CIENCIA, LA T¿CNICA Y LAS HUMANIDADES IMPARTIDA A TRAV¿S DE LA DOCENCIA CALIFICADA Y DE LA ACTIVIDAD ACAD¿MICA INTERDISCIPLINARIA Y TRANSDICIPLINARIA, LA UNIVERSIDAD DEL MAGDALENA, EN DESARROLLO DE SU MISI¿N, SE PROPONE LA FORMACI¿N DE CIUDADANOS CONCIENTES, RESPONSABLES, CR¿TICOS, INVESTIGADORES, DOTADOS DE UNA CULTURA HUMAN¿STICA, CIENT¿FICA Y T¿CNICA, COMPROMETIDOS CON LOS PRINCIPIOS DEMOCR¿TICOS CAPACES DE COMPORTARSE ¿TICAMENTE EN LA SOCIEDAD, DE ENFRENTAR ACERTADAMENTE LAS DIFICULTADES QUE SE LES PUEDEN PRESENTAR EN EL DESARROLLO DE SUS REALACIONES SOCIALES, DE SEGUIRSE FORMANDO POR S¿ MISMOS Y DE ASUMIR LOS RETOS Y PROPUESTAS DE CAMBIO QUE DEMANDA LA DIN¿MICA SOCIAL.
MEDIANTE LA INVESTIGACI¿N Y LA PROYECCI¿N SOCIAL, LA UNIVERSIDAD DEL MAGDALENA SE VINCULA A LA SOLUCI¿N DE LOS PROBLEMAS ECON¿MICOS, AMBIENTALES, CULTURALES Y SOCIALES DE SU ENTORNO, CON MIRAS  A CONTRIBUIR ¿GIL Y EFICIENTEMENTE AL DESARROLLO ECON¿MICO SOSTENIBLE Y AL DESENVOLVIMIENTO CULTURAL Y SOCIAL DEL DEPARTAMENTO DEL MAGDALENA Y LA REGI¿N CARIBE.
LA UNIVERSIDAD DEL MAGDALENA FOMENTA ENTRE LOS"
1214,1214,UNIVERSIDAD DE CUNDINAMARCA,Activa,890.680.062,Principal,Departamental,Oficial,Universidad,Cundinamarca,Fusagasugá,Diagonal 18  No. 20-29,8281483,Ordenanza,Asamblea Departamental de Cundinamarca,45,19-12-1969,54,,www.ucundinamarca.edu.co,N,,,,"LA UNIVERSIDAD DE CUNDINAMARCA, UDEC, ASUME SU RAZON DE SER A PARTIR DE LAS RELACIONES CON EL SABER, LA CULTURA, EL INDIVIDUO Y LA SOCIEDAD, DE TAL MANERA QUE DESDE EL PUNTO DE VISTA DEL SABER SE OCUP DE SU GENERACION, TRANSMISION, APLICACION, APROPIACION Y DIFUSION, MEDIANTE PROCESOS DE INVESTIGACION, DOCENCIA Y PROYECCION SOCIAL. EN CUANTO A LA CULTURA, TRABAJA EN SU CONSTRUCCION, TRANSFORMACION Y DIFUSION, A LA VEZ QUE BUSCA CONSERVAR SU IDENTIDAD. DESDE EL PUNTO DE VISTA DEL INDIVIDUO Y LA SOCIEDAD, SE COMPROMETE CON LA EDUCACION EN Y PARA LA LIBERTAD, LA VIVENCIA DE LA DEMOCRACIA Y EL DESARROLLO HUMANOS SOSTENIBLE."
1214,1215,UNIVERSIDAD DE CUNDINAMARCA,Activa,890.680.062,Seccional,Departamental,Oficial,Universidad,Cundinamarca,Girardot,Calle 19 24-209,8335071,Ordenanza,Asamblea Departamental de Cundinamarca.,45,19-12-1969,5,,www.ucundinamarca.edu.co,N,,,,MISION
1214,1216,UNIVERSIDAD DE CUNDINAMARCA,Activa,890.680.062,Seccional,Departamental,Oficial,Universidad,Cundinamarca,Villa de San Diego de Ubaté,Calle 16 No. 9-80,8553055,Ordenanza,Asamblea Departamental de Cundinamarca.,45,19-12-1969,3,,www.ucundinamarca.edu.co,N,,,,MISION
1217,1217,UNIVERSIDAD DE SUCRE,Activa,892.200.323-9,Principal,Departamental,Oficial,Universidad,Sucre,Sincelejo,Carrera 28 No. 5 - 267,2821240,Ordenanza,Asamblea Departamental de Sucre,1,24-11-1977,28,9,www.unisucre.edu.co,S,02-08-2022,15153,6,"FORMACION INTEGRAL Y PERMANENTE DE PROFESIONALES QUE DEN RESPUESTA A LAS DEMANDAS DE DESARROLLO DEL MEDIO, CON EL CONCURSO DEL TALENTO HUMANO CUALIFICADO Y TRIBUTAR AL CONOCIMIENTO CIENTIFICO, AL ARTE Y LA CULTURA CON UNA PROYECCION SOCIAL ARTICULADA AL ENTORNO PARA CONTRIBUIR AL MEJORAMIENTO DE LA CALIDAD DE VIDA DE LA POBLACION."
1218,1218,UNIVERSIDAD DE LA GUAJIRA,Activa,892.115.029-4,Principal,Departamental,Oficial,Universidad,La Guajira,Riohacha,Kil¿metro 5 v¿a a Maicao,7822729,Decreto,Gobierno Departamental de la Guajira,523,12-11-1976,59,5,www.uniguajira.edu.co,S,31-10-2024,20201,6,"SOMOS UNA UNIVERSIDAD P¿BLICA, AUTONOMA DEL ORDEN DEPARTAMENTAL, HUMANISTA, RESPETUOSA DE LOS VALORES Y PRINCIPIOS INSTITUSIONALES, CREADA PARA SERVIR A LA SOCIEDAD, FORMANDO PERMANENTEMENTE PERSONAS CON ACTITUD DE LIDERAZGO Y ESPIRITU INVESTIGATIVO; PROPICIADORA DEL ACCESO DE NUEVAS FORMAS DE CONOCIMIENTO, MODERNIZACI¿N DE LA GESTI¿N UNIVERSITARIA, DE TRANSFERENCIA DE LA CIENCIA Y LA TECNOLOG¿A; Y LA DIVERSIDAD CULTURAL COMO UN ELEMENTO DE IDENTIDAD REGIONAL."
1201,1219,UNIVERSIDAD DE ANTIOQUIA,Activa,890.980.040-8,Seccional,Departamental,Oficial,Universidad,Antioquia,El Carmen de Viboral,"Km 6 V¿a Rionegro, La Ceja, El Tambo Jurisdicci¿n El Carmen de Viboral",5311177,No informa,SIN DATO,SIN DATO,19-03-2007,2,,www.udea.edu.co,S,14-07-2023,12029,10,
1201,1220,UNIVERSIDAD DE ANTIOQUIA,Activa,890.980.040-8,Seccional,Departamental,Oficial,Universidad,Antioquia,Andes,Km. 4 Salida Medell¿n Vereda Campamento,8418052,No informa,SIN DATO,SIN DATO,19-03-2007,1,1,www.udea.edu.co,S,14-07-2023,12029,10,
1201,1221,UNIVERSIDAD DE ANTIOQUIA,Activa,890.980.040-8,Seccional,Departamental,Oficial,Universidad,Antioquia,Caucasia,Liceo Municipal Caucasi Carretera.TR Av. Pajonal,8395350,No informa,SIN DATO,SIN DATO,19-03-2007,2,,www.udea.edu.co,S,14-07-2023,12029,10,
1201,1222,UNIVERSIDAD DE ANTIOQUIA,Activa,890.980.040-8,Seccional,Departamental,Oficial,Universidad,Antioquia,Puerto Berrío,Salida  Medell¿n Barrio Cacique,8333522,No informa,SIN DATO,SIN DATO,19-03-2007,,,www.udea.edu.co,S,14-07-2023,12029,10,
1201,1223,UNIVERSIDAD DE ANTIOQUIA,Activa,890.980.040-8,Seccional,Departamental,Oficial,Universidad,Antioquia,Turbo,Calle 104 entre Carreras 18 A - 19 B.Jes¿s,8272588,No informa,SIN DATO,SIN DATO,19-03-2007,2,,www.udea.edu.co,S,14-07-2023,12029,10,
1301,1301,UNIVERSIDAD DISTRITAL-FRANCISCO JOSE DE CALDAS,Activa,899.999.230-7,Principal,Municipal,Oficial,Universidad,"Bogotá, D.C.","Bogotá, D.C.",Carrera 7 No. 40-53,3239300,Resolución,Ministerio de Justicia,135,15-12-1950,98,2,www.udistrital.edu.co,S,10-12-2021,23653,8,MISION
1701,1701,PONTIFICIA UNIVERSIDAD JAVERIANA,Activa,860.013.720-1,Principal,Fundación,Privado,Universidad,"Bogotá, D.C.","Bogotá, D.C.",Carrera 7  40-62,3208130,No informa,Ministerio de Gobierno,73,12-12-1933,247,3,www.javeriana.edu.co,S,17-07-2020,13170,10,MISION
1701,1702,PONTIFICIA UNIVERSIDAD JAVERIANA,Activa,No Informa,Seccional,Fundación,Privado,Universidad,Valle del Cauca,Santiago de Cali,Clle 18 No. 118-250 Av Cañasgordas,3218200,Resolución,MINISTERIO DE GOBIERNO,73,12-12-1933,94,1,www.puj.edu.co,S,17-07-2020,13170,10,
1703,1703,UNIVERSIDAD INCCA DE COLOMBIA,Activa,860.011.285-1,Principal,Fundación,Privado,Universidad,"Bogotá, D.C.","Bogotá, D.C.",Carrera 13 No. 24-15,4442000,Resolución,MINISTERIO DE JUSTICIA.,1891,19-06-1963,28,,www.unincca.edu.co,N,,,,"LA MISION INSTITUCIONAL DE LA UNIVERSIDAD INCCA DE COLOMBIA ES PONER LA EDUCACION, LA CIENCIA, LA CULTURA Y LA INFORMACION AL SERVICIO DE UN NUEVO HOMBRE SOCIAL, A TRAVES DE LAS ACTIVIDADES ACADEMICO-INVESTIGATIVAS Y DE EXTENSION QUE PERMITAN PRODUCIR, REPRODUCIR, REELABORAR, APLICAR Y COMUNICAR EN LOS DIVERSOS NIVELES Y MODALIDADES EDUCATIVAS PROPIAS DE LA UNIVERSIDAD, LOS CONOCIMIENTOS CIENTIFICOS Y LAS APLICACIONES DE LOS MISMOS, PARA LA FORMACION, LA EDUCACION Y LA PROFESION A LA LUZ DEL COMPROMISO HISTORICO QUE IMPRIME LA DIRECCIONALIDAD INSTITUCIONAL.

LA MISION DE UNINCCA SE REALIZA EN EL MARCO DE LA LEGISLACION VIGENTE EN COLOMBIA PERO CUMPLIENDO CON SU OBJETIVO, DIRECCIONALIDAD, FINES Y AUTONOMIA INSTITUCIONALES.

LAS ACTIVIDADES ACADEMICAS, LA INVESTIGACION, LA DOCENCIA Y LA EXTENSION SE REALIZAN EN EL MARCO DE:

- EL COMPROMISO HISTORICO QUE IMPRIME LA DIRECCIONALIDAD INSTITUCIONAL.

- EL POSTULADO INSTITUCIONAL

- EL PROPOSITO SOCIAL INSTITUCIONAL Y

- LA AUTONOMIA INSTITUCIONAL, MATERIAL, ESPIRITUAL, CIENTIFICA Y LEGA."
1704,1704,UNIVERSIDAD SANTO TOMAS,Activa,860.012.357-6,Principal,Fundación,Privado,Universidad,"Bogotá, D.C.","Bogotá, D.C.","Sede Ppal Carrera 9  51-11, Sede Norte Cra.10 72-50",5878797,Resolución,MINISTERIO DE JUSTICIA,3645,06-08-1965,162,,www.usta.edu.co,S,28-07-2022,14525,8,NO INFORMA
1704,1705,UNIVERSIDAD SANTO TOMAS,Activa,860.012.357-6,Seccional,Fundación,Privado,Universidad,Santander,Bucaramanga,Carrera 18 No. 9-27,6716482,Resolución,MINISTERIO DE JUSTICIA,3645,06-08-1965,71,,www.ustabuca.edu.co,S,28-07-2022,14525,8,"LA UNIVERSIDAD SANTO TOMÁS ES UNA INSTITUCIÓN PRIVADA Y CATÓLICA DE EDUCACIÓN SUPERIOR, FUNDADA Y DIRIGIDA POR LA ORDEN DE PREDICADORES, ORIENTADA POR EL PENSAMIENTO DE SANTO TOMÁS DE AQUINO, CUYA FINALIDAD ES FORMAR 
INTEGRALMENTE PERSONAS COMPROMETIDAS CON SU ENTORNO SOCIAL, REGIONAL, NACIONAL E INTERNACIONAL, EN CONCORDANCIA CON LAS EXIGENCIAS DE LA ÉPOCA Y DEL FUTURO CONTANDO PARA ELLO CON PERSONAL IDÓNEO EN CONTINUO CRECIMIENTO Y DESARROLLO. COMO ENTIDAD SIN ÁNIMO DE LUCRO REINVIERTE SUS RECURSOS EN EL MEJORAMIENTO FÍSICO, TECNOLÓGICO, CIENTÍFICO Y HUMANO DE LA COMUNIDAD UNIVERSITARIA TOMASINA."
1706,1706,UNIVERSIDAD EXTERNADO DE COLOMBIA,Activa,860.014.918-7,Principal,Fundación,Privado,Universidad,"Bogotá, D.C.","Bogotá, D.C.",Calle 12 No. 1-17 Este,3420288,Resolución,MINISTERIO DE GOBIERNO,92,09-03-1926,295,,www.uexternado.edu.co,S,15-04-2021,6538,8,"COMO INSTITUCION DE EDUCACION SUPERIOR DEDICADA A LA ENSE¿ANZA E INVESTIGACION EN CIENCIAS SOCIALES, CON UNA CONCEPCION HUMANISTICA, LA UNIVERSIDAD EXTERNADO DE COLOMBIA PROMUEVE Y PRACTICA UN ABSOLUTO RESPETO POR LA VIDA Y LA DIGNIDAD HUMANAS. SU ACTIVIDAD SE DESARROLLA DENTRO DE UNA FILOSOFIA PLURALISTA, ABIERTA A TODAS LAS CORRIENTES DE PENSAMIENTO, AJENA AL DOGMATISMO Y RESPETUOSA DE TODOS LOS CREDOS RELIGIOSOS E IDEOLOGIAS POLITICAS. LA UNIVERSIDAD PROMUEVE LA TOLERANCIA COMO FORMULA PARA ALCANZAR LA PAZ Y EL PROGRESO DENTRO DE LA HETEROGENEIDAD Y CONSIDERA A LA DIVERSIDAD COMO UNA DE SUS MAYORES RIQUEZAS.
EL EXTERNADO DE COLOMBIA TIENE CONFIANZA Y OPTIMISMO EN LA VIABILIDAD DE COLOMBIA COMO NACION Y TRABAJA POR LA REAFIRMACION DE LA IDENTIDAD NACIONAL; APOYA LA INTEGRACION CON LOS PAISES DE AMERICA LATINA COMO GARANTIA DE UNA PRESENCIA SIGNIFICATIVA EN EL CONCIERTO INTERNACIONAL Y ESTIMULA LA COOPERACION CON UNIVERSIDADES DE TODO EL MUNDO PARA MANTENERSE EN CONTACTO CON LA CULTURA UNIVERSAL Y ACTUALIZADA FRENTE AL AVANCE DE LAS CIENCIAS.
DENTRO DEL ESPIRITU LIBERAL QUE LA ANIMA, LA UNIVERSIDAD EXTERNADO DE COLOMBIA PERSIGUE EL IDEAL DE LA LIBERTAD COMO DERECHO INALIENABLE DEL SER HUMANO; TIENE FE EN LA DEMOCRACIA; LUCHA POR EL PERFECCIONAMIENTO DEL ESTADO SOCIAL DE DERECHO, EN LA BUSQUEDA DE LA IGUALDAD EN LOS PLANOS SOCIAL Y ECONOMICO, Y DEL RESPETO POR LOS DERECHOS FUNDAMENTALES. ASIMISMO, PROCURA LA FORMACION INTEGRAL DE SUS ALUMNOS: BUSCA FORJAR VERDADEROS CIUDADANOS CONSCIENTES DE SUS COMPROMISOS PARA CON LA NACION; PERSONAS INTEGRAS, CON INDEPENDENCIA DE CARACTER Y PRACTICANTES DE UNA ETICA CIVICA INTACHABLE, PUBLICA Y PRIVADA; PROFESIONALES SOLIDARIOS, AUTENTICOS, AUSTEROS, DOTADOS CON CRITERIO, CAPACES DE RESISTIR LA INTIMIDACION, ENFRENTAR LA CORRUPCION Y CONTRIBUIR AL RESCATE DE LA DIGNIDAD DE LA PATRIA."
1707,1707,FUNDACION UNIVERSIDAD DE BOGOTA - JORGE TADEO LOZANO,Activa,860.006.848-6,Principal,Fundación,Privado,Universidad,"Bogotá, D.C.","Bogotá, D.C.",Carrera 4  22-61,3341777,No informa,Ministerio de Justicia,2613,14-08-1959,155,,www.utadeo.edu.co,S,20-05-2024,7576,6,MISION
1707,1708,FUNDACION UNIVERSIDAD DE BOGOTA - JORGE TADEO LOZANO,Activa,860.006.848-6,Seccional,Fundación,Privado,Universidad,Bolívar,Cartagena de Indias,Zona Norte Anillo Vial kil¿metro 13,6600578,Resolución,MINISTERIO DE JUSTICIA.,2613,14-08-1959,5,1,www.utadeo.edu.co,S,21-03-2018,4624,6,MISION
1709,1709,UNIVERSIDAD CENTRAL,Activa,860.024.746-1,Principal,Fundación,Privado,Universidad,"Bogotá, D.C.","Bogotá, D.C.",Carrera 5  21-38,3239868,No informa,Ministerio de Justicia,1876,05-06-1967,58,2,www.ucentral.edu.co,S,29-05-2023,8910,6,"LA UNIVERSIDAD CENTRAL, INSPIRADA EN EL RESPETO POR LA DIGNIDAD HUMANA Y CONSCIENTE DE SU RESPONSABILIDAD SOCIAL Y CULTURAL, TIENE COMO MISION FORMAR INTEGRALMENTE INDIVIDUOS COMPROMETIDOS CON EL DESARROLLO DEL PAIS EN DISTINTAS AREAS DEL CONOCIMIENTO, POR MEDIO DE PROGRAMAS DE PREGRADO Y POSGRADO, DENTRO DE UN AMBIENTE DEMOCRATICO Y PLURAL, DE TOLERANCIA Y EXALTACION DE VALORESETICOS Y DE ESTIMULO A LA CREATIVIDADY A LA LIBRE INICIATIVA.
LA UNIVERSIDAD CENTRAL BUSCA SER RECONOCIDA NACIONAL E INTERNACIONALMENTE POR LA CALIDAD ACADEMICA, INVESTIGATIVA Y DE PROYECCION SOCIAL DE SUS PROGRAMAS, POR EL DESARROLLO DE UNA CULTURA INSTITUCIONAL ABIERTA Y DE RESPETO POR LA DIFERENCIA Y LAS DISTINTAS MANIFESTACIONES ETNICAS Y LINGUISTICAS, POR EL DESARROLLO DE LA CAPACIDAD INTELECTUAL DE ALUMNOS Y PROFESORES QUE PROPICIEN EL CAMBIO SOCIAL Y CONSTRUYAN UNA NUEVA CIUDADANIA, POR EL ENFASISEN EL PARADIGMA DE RECONSTRUCCION Y/O CONSTRUCCION DEL CONOCIMIENTO, POR LA UTILIZACION Y RENOVACION PERMANENTE DE LAS MAS AVANZADAS TECNOLOGIAS Y POR EL MANEJO DE LAS RELACIONES INSTITUCIONALES SOLIDAS."
1710,1710,UNIVERSIDAD PONTIFICIA BOLIVARIANA,Activa,890.902.922-6,Principal,Fundación,Privado,Universidad,Antioquia,Medellín,Campus de Laureles Circular 1a. No. 70-01,4488388,No informa,Ministerio de Gobierno,48,22-02-1937,239,2,www.upb.edu.co,S,31-10-2024,20198,8,"LA UNIVERSIDAD PONTIFICIA BOLIVARIANA TIENE POR MISI¿N LA FORMACI¿N INTEGRAL DE LAS PERSONAS Y LA EVANGELIZACI¿N DE LA CULTURA, MEDIANTE LA DOCENCIA, LA INVESTIGACI¿N Y LOS SERVICIOS."
1711,1711,UNIVERSIDAD DE LA SABANA,Activa,860.075.558-1,Principal,Fundación,Privado,Universidad,Cundinamarca,Chía,Campus  Universitario Puente del Com¿n,8615555,Resolución,MINISTERIO DE EDUCACION NACIONAL,130,14-01-1980,185,,www.unisabana.edu.co,S,22-04-2025,8301,10,"LA UNIVERSIDAD DE LA SABANA, INSTITUCI¿N CIVIL DE EDUCACI¿N SUPERIOR, PROCURA QUE PROFESORES, ALUMNOS Y DEMAS MIEMBROS DEL CLAUSTRO UNIVERSITARIO SE COMPROMETAN LIBREMENTE, EN UNIDAD DE VIDA, CON COHERENCIA DE PENSAMIENTO, PALABRA Y ACCI¿N, A BUSCAR, DESCUBRIR, COMUNICAR Y CONSERVAR LA VERDAD, EN TODOS LOS CAMPOS DEL CONOCIMIENTO, CON FUNDAMENTO EN UNA CONCEPCI¿N CRISTIANA DEL HOMBRE Y DEL MUNDO, COMO CONTRIBUCI¿N AL PROGRESO DE LA SOCIEDAD.
PROMUEVE EL RESPETO A LA DIGNIDAD TRASCENDENTE DE LA PERSONA HUMANA Y, EN UN AMBIENTE DE LIBERTAD RESPONSABLE, PROPICIA EL PERFECCIONAMIENTO INTEGRAL DE TODOS LOS MIEMBROS DE LA COMUNIDAD UNIVERSITARIA, CON UNA ATENCI¿N PERSONALIZADA Y UN EJERCICIO ACAD¿MICO CREATIVO, RIGUROSO E INTERDISCIPLINARIO.  FOMENTA, ADEM¿S, LA REALIZACI¿N DEL TRABAJO, VIVIDO COMO SERVICIO Y MEDIO PARA CONSTRUIR UNA SOCIEDAD JUSTA, PAC¿FICA Y SOLIDARIA.
SE RELACIONA CON TODOS LOS SECTORES DE LA SOCIEDAD, Y CONTRIBUYE CON LEG¿TIMAS SOLUCIONES A SUS M¿LTIPLES Y COMPLEJOS PROBLEMAS, MEDIANTE UN TRABAJO INTERDISCIPLINARIO, COMPETENTE Y SOLIDARIO, RESULTADO DE LA ACCI¿N ARTICULADA DE INVESTIGACI¿N Y DOCENCIA, QUE MIRA AL BIEN COM¿N, A LA CONVIVENCIA Y COOPERACI¿N ENTRE LOS  HOMBRES, SIN DISCRIMINACI¿N ALGUNA, Y AL RECONOCIMIENTO INCONDICIONADO DE LA VIDA HUMANA, DE LA PERSONA Y DE LA FAMILIA EN LA SOCIEDAD."
1712,1712,UNIVERSIDAD EAFIT-,Activa,890.901.389,Principal,Fundación,Privado,Universidad,Antioquia,Medellín,Carrera 49  No.7 SUR - 50,2619500,No informa,Gobernacion Departamental de Antioquia,75,28-06-1960,147,3,www.eafit.edu.co,S,13-02-2018,2158,8,"FORMAR PERSONAS COMPROMETIDAS CON EL DESARROLLO INTEGRAL DE SU COMUNIDAD, POR MEDIO DE PROGRAMAS DE PREGRADO Y POSGRADO, DENTRO DE UN AMBIENTE DE PLURALISMO IDEOLOGICO Y DE EXCELENCIA ACADEMICA, CON COMPETENCIA INTERNACIONAL EN SUS AREAS DE CONOCIMIENTO."
1713,1713,UNIVERSIDAD DEL NORTE,Activa,890.101.681-9,Principal,Fundación,Privado,Universidad,Atlántico,Barranquilla,Kilometro 5 Via  Pto. Colombia,3509388,No informa,Gobernaci¿n Departamento del Atl¿ntico,149,14-02-1966,178,1,www.uninorte.edu.co,S,31-05-2018,8870,8,MISION
1714,1714,COLEGIO MAYOR DE NUESTRA SEÑORA DEL ROSARIO,Activa,860.007.759-3,Principal,Fundación,Privado,Universidad,"Bogotá, D.C.","Bogotá, D.C.",Calle 12c No. 6-25,2970200,Resolución,MINISTERIO DE GOBIERNO.,58,31-12-1969,228,9,www.urosario.edu.co,S,09-12-2019,13599,8,"IMPARTIR UNA SOLIDA FORMACION ETICA Y HUMANISTICA QUE UNIDA A LA INVESTIGACION Y A UNA  IDONEA Y EXIGENTE DOCENCIA, PERMITA A ESTA COMUNIDAD EDUCATIVA FORMAR INTEGRALMENTE PERSONAS INSIGNES Y ACTUAR  EN BENEFICIO DE LA SOCIEDAD CON UN MAXIMO SENTIDO DE RESPONSABILIDAD."
1715,1715,FUNDACION UNIVERSIDAD DE AMERICA,Activa,860.006.806-7,Principal,Fundación,Privado,Universidad,"Bogotá, D.C.","Bogotá, D.C.",Avenida Circunvalar No. 20-53,3376680,Resolución,MINISTERIO DE JUSTICIA.,417,13-02-1958,35,,www.uamerica.edu.co,N,,,,MISION
1718,1716,UNIVERSIDAD DE SAN BUENAVENTURA,Activa,890.307.400-1,Seccional,Fundación,Privado,Universidad,Valle del Cauca,Santiago de Cali,Cra 122 N¿ 6 - 65 via a Pance,3182200,Resolución,MINISTERIO DE EDUCACION NACIONAL,1326,25-03-1975,101,11,www.usbcali.edu.co,S,12-08-2021,14620,6,
1718,1717,UNIVERSIDAD DE SAN BUENAVENTURA,Activa,890.307.400-1,Seccional,Fundación,Privado,Universidad,Antioquia,Medellín,Carrera 56C   51-90  Barrio San Benito,4500323,Resolución,MINISTERIO DE EDUCACION NACIONAL.,1326,25-03-1975,54,,www.usb-med.edu.co,S,12-08-2021,14620,6,
1718,1718,UNIVERSIDAD DE SAN BUENAVENTURA,Activa,890.307.400-1,Principal,Fundación,Privado,Universidad,"Bogotá, D.C.","Bogotá, D.C.","Carrera 8H #172-20 , Rector¿a: Cra. 9  No. 123-76 Of.602-603",6671090,Resolución,MINISTERIO DE EDUCACION NACIONAL,1326,25-03-1975,51,,www.usbbog.edu.co,S,12-08-2021,14620,6,
1719,1719,UNIVERSIDAD CATOLICA DE COLOMBIA,Activa,860.028.971-9,Principal,Fundación,Privado,Universidad,"Bogotá, D.C.","Bogotá, D.C.",Av Caracas No. 46-72,3277300,Resolución,MINISTERIO DE JUSTICIA.,2271,07-07-1970,42,1,www.ucatolica.edu.co,S,29-05-2023,8911,6,"MISION:

LA UNIVERSIDAD CATOLICA DE COLOMBIA ES UNA INSTITUCION PRIVADA FUNDADA EN LOS PRINCIPIOS DE LA DOCTRINA DE CRISTO, EN LOS IDEALES DEMOCRATICOS Y EN EL RESPETO Y APRECIO POR EL CONOCIMIENTO.
COMO CATOLICA, LA UNIVERSIDAD PROPENDE POR LA DIGNIFICACION DEL HOMBRE, EL RESPETO AL OTRO, LA JUSTICIA, LA SOLIDARIDAD, LA EQUIDAD, LA PAZ, EL AMOR Y LA ESPERANZA Y EL DESARROLLO DE UNA ETICA MORAL.
DENTRO DE UN MARCO DEMOCRATICO, LA UNIVERSIDAD CATOLICA BUSCA DE UN LADO, EL CRECIMIENTO DEL HOMBRE, EN TANTO QUE PERSONA, CIUDADANO Y PROFESIONAL, Y DE OTRO LADO, LA PARTICIPACION Y EL COMPROMISO DE LA COMUNIDAD EDUCATIVA EN LA CONSTRUCCION DE UNA SOCIEDAD DEMOCRATICA, BASADA EN LOS PRINCIPIOS DE LIBERTAD, PLURALISMO, CONVIVENCIA, TOLERANCIA, RESPETO A LAS IDEAS AJENAS, CAPACIDAD DE AUTONOMIA Y DECISION RESPONSABLES Y DE UNA ETICA CIUDADANA.
LA UNIVERSIDAD CATOLICA COMO UNA ORGANIZACION DEL CONOCIMIENTO, ES ANTE TODO UN ESPACIO DE DEBATE EN DONDE SE ABORDAN LAS PREGUNTAS ESENCIALES SOBRE LA REALIDAD DEL PAIS Y SU FUTURO, SOBRE EL HOMBRE Y SU CONTEXTO, SOBRE LA EVOLUCION Y CREACION DE LA CULTURA, INCLUYENDO EL DEVENIR Y LA CONSTRUCCION DE LOS SABERES Y LAS PRACTICAS SOCIALES.
EL COMPROMISO FUNDAMENTAL DE LA UNIVERSIDAD CATOLICA DE COLOMBIA ES LA INDAGACION DEL SABER UNIVERSAL, LA BUSQUEDAD DE LA VERDAD SIN RESTRICCIONES, LA TRANSMISION Y LA GENERACION DE CONOCIMIENTO DIRIGIDOS A LA COMPRENSION Y TRANSFORMACION DEL SER HUMANO Y DE SU ENTORNO Y A LA APLICACION DE ESOS CONOCIMIENTOS AL SERVICIO DEL HOMBRE Y A LOS INTERESES DE LA COMUNIDAD.
PARA EL CUMPLIMIENTO DE SU MISION, LA UNIVERSIDAD CATOLICA DESENVUELVE SU QUEHACER INSTITUCIONAL A TRAVES DE LA DOCENCIA, LA INVESTIGACION Y LA EXTENSION.
EN EL CAMPO DE LA DOCENCIA, OFRECIENDO PROGRAMAS ACADEMICOS EN LOS QUE FORMA PROFESIONALES, ESPECIALISTAS, E INVESTIGADORES DE MANERA INTEGRAL, CON UNA ALTA COMPETENCIA INTELECTUAL, SOLVENCIA MORAL E IDONEIDAD LABORAL, CAPACES DE ASUMIR LOS CAMBIOS Y LAS TRANSFORMACIONES QUE DEMANDA"
1720,1720,UNIVERSIDAD MARIANA,Activa,800.092.198-5,Principal,Fundación,Privado,Universidad,Nariño,Pasto,Calle 18 No. 34-104,7314923,No informa,Gobierno Departamental de Nari¿o,230,25-03-1970,57,7,www.umariana.edu.co,S,19-07-2022,14045,4,"LA UNIVERSIDA MARIANA, INSTITUCION  DE EDUCACION SUPERIOR, DE CARACTER CATOLICO, AL SERVICIO DE LA IGLESIA Y DE LA SOCIEDAD, PROPENDE ANTE TODO POR LA  INTERIORIZACION Y LA PRACTICA DE LOS VALORES DE LA VIDA, LA JUSTICIA, LA TOLERANCIA, EL AMOR , LA LIBERTAD, EL RESPETO, LA CONVIVENCIA Y LA BUSQUEDA DE LA PAZ EN UN CONTEXTO  UNIVERSITARIO DE PRURALISMO, PARTICIPACION Y RESPETO POR LA  DIVERSIDAD Y EL EJERCICIO RESPONSABLE DE LA AUTONOMIA.

ASUME LA  FORMACION INTEGRAL DEL SER HUMANO, TANTO DESDE EL CURRICULO, COMO  DESDE EL AMBIENTE  UNIVERSITARIO GENERAL  PARA PROPICIAR EL DESARROLLO DE PROCESOS INTERNOS DE CRECIMIENTO Y REALIZACION HUMANA  DE LOS MIEMBROS DE LA COMUNIDAD UNIVERSITARIA, A TRAVES DE LA PEDAGOGIA  INVOLUCRA AL ESTUDIANTE Y AL DOCENTE EN UN PROCESO DE CONSTRUCCION HUMANA,  COMO PERSONA, CIUDADANO Y PROFESIONAL."
1722,1722,UNIVERSIDAD DE MANIZALES,Activa,890806001-7,Principal,Fundación,Privado,Universidad,Caldas,Manizales,Carrera 9 No. 19-03 Campohermoso,8879680,Resolución,MINISTERIO DE EDUCACION NACIONAL,314,21-01-1983,116,1,www.umanizales.edu.co,S,22-04-2025,8302,8,MISION
1710,1723,UNIVERSIDAD PONTIFICIA BOLIVARIANA,Activa,890.902.922-6,Seccional,Fundación,Privado,Universidad,Santander,Bucaramanga,Autopista a Piedecuesta Km. 7,6796220,No informa,Ministerio de Gobierno,48,28-02-1937,37,,www.upb.edu.co,S,31-10-2024,20198,8,"ES MISION DE LA UNIVERSIDAD LA FORMACION INTEGRAL DE TODAS LAS PERSONAS QUE LA CONFORMAN, PROPICIANDO EL DESARROLLO DE SUS POTENCIALIDADES HUMANAS:

PENSAMIENTO, CREATIVIDAD, LENGUAJE, CRITICIDAD, LIBERTAD, SOLIDARIDAD, RESPONSABILIDAD Y SOCIABILIDAD, CON BASE EN LOS VALORES DEL HUMANISMO CRISTIANO."
1718,1724,UNIVERSIDAD DE SAN BUENAVENTURA,Activa,890.307.400-1,Seccional,Fundación,Privado,Universidad,Bolívar,Cartagena de Indias,Calle Real Ternera Dig. 32 N. 30 ¿ 966 Cartagena,6539599,Resolución,MINISTERIO DE EDUCACION NACIONAL.,1326,25-03-1975,42,8,www.usbctg.edu.co,S,12-08-2021,14620,6,
1725,1725,FUNDACION UNIVERSIDAD AUTONOMA DE COLOMBIA -FUAC-,Activa,860.034.667,Principal,Fundación,Privado,Universidad,"Bogotá, D.C.","Bogotá, D.C.","Calle 13  4-31, Correspondencia: Cra.4 12-85",3343696,Resolución,MINISTERIO DE JUSTICIA.,264,04-02-1972,24,1,www.fuac.edu.co,N,,,,"LA UNIVERSIDAD AUTONOMA DE COLOMBIA ES UN CENTRO ACADEMICO DEMOCRATICO, INDEPENDIENTE, PARTICIPATIVO Y PLURALISTA, COMPROMETIDO CON EL DESARROLLO DE LA PERSONA HUMANA, CON LA REALIZACION DE LOS VALORES ESENCIALES DEL ORDENAMIENTO JURIDICO COLOMBIANO Y CON EL CULTIVO DEL CONOCIMIENTO RACIONAL CON MIRAS A LA FORMACION INTEGRAL, LA INVESTIGACION Y LA PARTICIPACION DE LA COMUNIDAD UNIVERSITARIA EN LA VIDA SOCIOECONOMICA, CULTURAL Y POLITICA DE LA NACION.

SOBRE ESTA BASE, LA UNIVERSIDAD EJERCE UNA FORMA AUTONOMA DE EDUCACION, DE GOBIERNO, DE PLANEACION, DE GESTION, DE TOMA DE DECISIONES, CON EL FIN DE CONSOLIDAR, DENTRO DEL CLIMA DE ACTIVA PARTICIPACION DE SUS COMUNIDADES ACADEMICAS, LA EXCELENCIA DE LA FORMACION QUE ELLA IMPARTE Y LA REALIZACION DE LOS VALORES FUNDAMENTALES DE LA SOCIEDAD COLOMBIANA."
1726,1726,UNIVERSIDAD CATOLICA DE ORIENTE -UCO,Activa,890.984.746-7,Principal,Fundación,Privado,Universidad,Antioquia,Rionegro,Carrera 46 #40B-50 Sector 3,5699090,Resolución,MINISTERIO DE EDUCACION NACIONAL,2650,24-02-1983,59,,www.uco.edu.co,S,29-05-2023,8912,6,"LA UNIVERSIDAD CAT¿LICA DE ORIENTE DECLARA COMO MISION EL SERVICIO A LA COMUNIDAD, ENTENDIDO COMO LA VOLUNTAD DE BRINDAR DESDE SU INSPIRACION CRISTIANA , SUS FUNCIONES UNIVERSITARIAS Y SU COMPROMISO REGIONAL, APORTES Y SOLUCIONES A LOS PROBLEMAS  DEL DESARROLLO HUMANO INTEGRAL, CON PROYECCI¿N NACIONAL E INTERNACIONAL."
1710,1727,UNIVERSIDAD PONTIFICIA BOLIVARIANA,Activa,890.902.922-6,Seccional,Fundación,Privado,Universidad,Córdoba,Montería,Kil¿metro 8 V¿a a Ceret¿,7905088,Resolución,MINISTERIO DE GOBIERNO,48,28-03-1937,26,,www.upbmonteria.edu.co,S,31-10-2024,20198,8,"LA UNIVERSIDAD PONTIFICIA BOLIVARIANA TIENE COMO MISI¿N LA FORMACI¿N INTEGRAL DE LAS PERSONAS QUE LA CONSTITUYEN MEDIANTE LA EVANGELIZACI¿N DE LA CULTURA, EN CONSTANTE B¿SQUEDA DE LA VERDAD CON PROCESOS DE DOCENCIA, INVESTIGACI¿N Y SERVICIOS, REAFIRMANDO LOS VALORES DEL HUMANISMO CRISTIANO, PARA EL BIEN DE LA SOCIEDAD."
1728,1728,UNIVERSIDAD SERGIO ARBOLEDA,Activa,860.351.894,Principal,Fundación,Privado,Universidad,"Bogotá, D.C.","Bogotá, D.C.",Calle 74 No. 14-14,3177536,Resolución,MINISTERIO DE EDUCACION NACIONAL,16377,29-10-1984,143,,www.usergioarboleda.edu.co,S,05-04-2019,3659,6,"LA MISION UNIVERSITARIA ES LA FORMACION DE PROFESIONALES DE CULTURA INTEGRAL, DESARROLLADA CON ESPECIALIDAD Y PROFUNDIDAD DESDE CADA UNO DE LOS PROGRAMAS ACADEMICOS, EN EL DOMINIO DE LA CIENCIA, LAS HUMANIDADES, LA FILOSOFIA, EL ARTE, LA RELIGION CRISTIANA, LA TECNOLOGIA Y LA TECNICA."
1729,1729,UNIVERSIDAD EL BOSQUE,Activa,860.066.789-6,Principal,Fundación,Privado,Universidad,"Bogotá, D.C.","Bogotá, D.C.","Av. Cra 9 No. 131 A - 02, Edificio Fundadores",6489000,Resolución,MINISTERIO DE EDUCACION NACIONAL,11153,04-08-1978,167,,www.unbosque.edu.co,S,17-07-2020,13172,6,"FORMULACION DE LA MISION
DESDE EL ENFOQUE BIO-PSICO-SOCIAL Y CULTURAL, LA UNIVERSIDAD DEL BOSQUE ASUME SU COMPROMISO CON EL PAIS TENIENDO COMO IMPERATIVO SUPREMO LA PROMOCION DE LA DIGNIDAD DE LA PERSONA HUMANA EN SU INTEGRIDAD.
SUS MAXIMOS ESFUERZOS SE CONCRETAN EN OFRECER LAS CONDICIONES PROPIAS PARA FACILITAR EL DESARROLLO DE LOS VALORES ETICO-MORALES, ESTITICOS, HISTORICOS Y TECNO-CIENTIFICOS ENRAIZADOS EN LA CULTURA DE VIDA, SU CALIDAD Y SU SENTIDO.
LO ANTERIOR, EN LA PERSPECTIVA DE LA COSTRUCCION DE LA SOCIEDAD MAS JUSTA, PLURALISTA, PARTICIPATIVA, PACIFICA, Y LA AFIRMACION DE UN SER HUMANO RESPONSABLE, PARTE CONTITUTIVA DE LA NATURALEZA Y DE SUS ECOSISTEMAS. RECEPTOS Y CONSTRUCTOR CRITICO DE LOS PROCESOS GOBALES DE LA CULTURA.
LA RAZON Y EL SENTIDO ULTIMO DE LA MISION DE LA UNIVERSIDAD EL BOSQUE, ES LOGRAR LA DIGNIDAD DE LA AUTONOMIA DEL SER HUMANO COMO UN FIN EN SUS DIMENSIONES BIO-PSICO-SOCIALES Y CULTURALES, MEDIANTE LA TRANSMISION, CREACION, TRANSFORMACION, CONSERVACION Y DESARROLLO DE LA CIENCIA Y LA CULTURA, AFIRMANDOSE EN LA BUSQUEDA DEL SABER EN COHERENCIA CON LA PROBLEMATICA VIVIDA EN NUESTRA SOCIEDAD.
COMO INSTITUCION UNIVERSITARIA ASUMIRA LA RESPONSABILIDAD DE POTENCIAR AL MAXIMO LAS CUALIDADES SUPERIORES DEL SER HUMANO (EXCELENCIA) PARA QUE PUEDA RESPONDER MEJOR A LA NECESIDAD DE PROMOVER LA COMUNIDAD COLOMBIANA AL MAS ALTO NIVEL.  VIVIRA ATENTA A LOS CAMBIOS CULTURALES, LOCALES, NACIONALES Y UNIVERSALES, EN PROCURA DE AQUELLOS VALORES QUE LA HAGAN MAS CULTA, MAS DIGNA Y MAS JUSTA."
1710,1730,UNIVERSIDAD PONTIFICIA BOLIVARIANA,Activa,890.902.922-6,Seccional,Fundación,Privado,Universidad,Valle del Cauca,Palmira,Km 1 V¿a Tienda Nueva Edif. Seminario Cristo Sacerdote Piso 2,2759370,Resolución,MINISTERIO DE GOBIERNO.,48,28-02-1937,5,1,www.upb.edu.co,S,31-10-2024,20198,8,
1719,1731,UNIVERSIDAD CATOLICA DE COLOMBIA,Activa,860.028.971,Seccional,Fundación,Privado,Universidad,Cundinamarca,Chía,Km. 21 Vía Carrera 7 La Caro,6766071,Resolución,MINISTERIO DE JUSTICIA,2271,07-07-1970,,,www.ucatolica.edu.co,N,,,,
1704,1732,UNIVERSIDAD SANTO TOMAS,Activa,860.012.357-6,Seccional,Fundación,Privado,Universidad,Boyacá,Tunja,Calle 19 No. 11 - 64 Centro,7440404,Resolución,MINISTERIO DE JUSTICIA,3645,06-08-1965,64,,www.ustatunja.edu.co,S,28-07-2022,14525,8,
1728,1733,UNIVERSIDAD SERGIO ARBOLEDA,Activa,860.351.894 -3,Seccional,Fundación,Privado,Universidad,Magdalena,Santa Marta,"Calle 18 Carrera 15,  Esquina",4203838,Resolución,MINISTERIO DE EDUCACION NACIONAL,16377,29-10-1984,23,,www.usergioarboleda.edu.co/santamarta,S,05-04-2019,3659,6,
1734,1734,UNIVERSIDAD DE BOYACA UNIBOYACA,Activa,891.801.101-6,Principal,Fundación,Privado,Universidad,Boyacá,Tunja,Carrera 2a. Este No. 64-169,7450044,Resolución,MINISTERIO DE EDUCACION NACIONAL,6553,25-05-1981,64,6,www.uniboyaca.edu.co,S,19-07-2022,14044,4,BASADOS EN EL PODER DEL SABER FORMAR HOMBRES Y MUJERES LIBRES CR¿TICOS Y COMPROMETIDOS SOCIALMENTE
1735,1735,UNIVERSIDAD MANUELA BELTRAN-UMB-,Activa,860.517.647-5,Principal,Fundación,Privado,Universidad,"Bogotá, D.C.","Bogotá, D.C.",Avenida Circunvalar No. 60 - 00,5460600,Resolución,MINISTERIO DE EDUCACION NACIONAL,11110,13-07-1983,79,,www.umb.edu.co,S,01-02-2024,732,6,"LA UMB ES UN SEMILLERO DE BUENOS CIUDADANOS, INNOVADORES Y PRODUCTIVOS, LIDERES EN SU COMUNIDAD Y EN SU DISCIPLINA.
EMPRESARIOS CAPACES DE ASUMIR RIESGOS Y DE CONCRETAR SOLUCIONES,INVESTIGADORES PREOCUPADOS POR LOGRAR CIENCIA Y TECNOLOGIAS APROPIADAS Y UTILES. SU AMBIENTE ACADEMICO DA CABIDA AL PLURALISMO IDEOLOGICO; A LAS DIFERENTES MANIFESTACIONES DE LA CULTURA, AL CULTIVO DE LA SENSIBILIDAD ESTETICA, HUMANISTICA Y AL AMOR Y RESPETO POR LA ECOLOGIA.
LA ACTIVIDAD DOCENTE SE FUNDAMENTA SOBRE LA ESTRATEGIA DIDACTICA DE LA BUSQUEDA DE CONOCIMIENTO NUEVO MEDIANTE LINEAS DE INVESTIGACION, ACCION QUE ALIMENTAN LOS PROCESOS ACADEMICOS.
ESTA DEDICADA A LA FORMACION DE EXCELENTES PROFESIONALES A NIVEL DE PREGRADO Y POSTGRADO, LIDERES AUTONOMOS, REFLEXIVOS, CRITICOS, CREATIVOS Y A LA TRADICION QUE IDENTIFICAN AL PAIS."
1801,1801,UNIVERSIDAD LA GRAN COLOMBIA,Activa,860.015.685,Principal,Corporación,Privado,Universidad,"Bogotá, D.C.","Bogotá, D.C.",Carrera 6 No. 12B-40,3276999,Resolución,MINISTERIO DE JUSTICIA,47,25-09-1953,47,,www.ugc.edu.co,N,,,,MISION
1801,1802,UNIVERSIDAD LA GRAN COLOMBIA,Activa,860.015.685,Seccional,Corporación,Privado,Universidad,Quindío,Armenia,"Av. Bolivar,  Carrera 14 No. 7-46",7460400,Resolución,MINISTERIO DE JUSTICIA,47,25-09-1953,33,1,www.ugcarmen.edu.co,N,,,,MISION
1803,1803,UNIVERSIDAD DE LA SALLE,Activa,860.015.542-6,Principal,Corporación,Privado,Universidad,"Bogotá, D.C.","Bogotá, D.C.",Cra.5  59A-44,3488000,Resolución,MINISTERIO DE JUSTICIA,597,12-02-1965,129,,www.lasalle.edu.co,S,22-03-2019,2955,8,"EN CUANTO UNIVERSIDAD, SU MISION ES LA CONSTANTE BUSQUEDA, CONSERVACION, TRANSMISION Y DESARROLLO DEL SABER HUMANO, CIENTIFICO Y TECNOLOGICO EN BENEFICIO DEL HOMBRE INTEGRAL DENTRO DE LOS PRINCIPIOS ETICOS Y TENIENDO EN PRESENTES LAS CARACTERISTICAS Y CONDICIONES DE LA SOCIEDAD, CULTURA Y VALORES NACIONALES.

EN CUANTO CATOLICA, ES UNA UNIVERSIDAD INSPIRADA EN LOS PRINCIPIOS EVANGELICOS Y EN EL MAGISTERIO DE LA IGLESIA, COMPROMETIDA EN LA CONSERVACION, PROFUNDIZACION Y TRANSMISION DE LA DOCTRINA CRISTIANA QUE ILUMINA TODOS LOS CAMPOS DEL SABER Y DE LA ACTIVIDAD HUMANA, OFRECIENDO ASI UN AMBITO EN EL QUE EL CRISTIANISMO SEA VIVO Y OPERANTE.


EN CUANTO LASALLISTA, LA UNIVERSIDAD DE LA SALLE SE INSPIRA EN LAS TRADICIONES PEDAGOGICAS DE LOS HERMANOS DE LAS ESCUELAS CRISTIANAS QUE, EN VIRTUD DE SU MSION EDUCADORA, CONTRIBUYE AL DESARROLLO DE TODAS LAS DIMENSIONES DEL SER HUMANO, FORMANDO HOMBRES INSIGNES POR SU SABER, QUE CONTRIBUYAN AL DESARROLLO Y DEFENSA DEL PATRIMONIO CULTURAL Y LOS RECURSOS NATURALES DE LA NACION."
1804,1804,UNIVERSIDAD AUTONOMA DEL CARIBE- UNIAUTONOMA,Activa,8901025729,Principal,Corporación,Privado,Universidad,Atlántico,Barranquilla,Calle 90  46-112,3671000,Resolución,GOBERNACION DEPARTAMENTO DEL ATLANTICO,303,03-04-1967,47,,www.uac.edu.co,N,,,,"LA UNIVERSIDAD AUT¿NOMA DEL CARIBE ES UN CENTRO DE CULTURA Y CIENCIA QUE TIENE EL PROP¿SITO DE GENERAR, VALIDAR, DIFUNDIR Y APLICAR CONOCIMIENTO EN DISTINTAS ¿REAS DEL SABER DENTRO DEL MARCO DE LOS DESARROLLOS HUMAN¿STICOS, CIENT¿FICOS Y TECNOL¿GICOS UNIVERSALES. LA UNIVERSIDAD AUT¿NOMA DEL CARIBE, ARTICULA LA ACADEMIA, LA INVESTIGACI¿N Y LA EXTENSI¿N, MEDIANTE EL DESARROLLO DE PROCESOS PEDAG¿GICOS AUTORREGULADOS Y CON ENFOQUE INTERNACIONAL QUE CONTRIBUYEN A SOLUCIONAR PROBLEMAS PROPIOS DE LA SOCIEDAD Y A CONSOLIDAR LAS COMUNIDADES CIENT¿FICAS Y TECNOL¿GICAS DEL PA¿S.

EN ESTE SENTIDO, LA UNIVERSIDAD PROPORCIONA A SUS ESTUDIANTES FORMACI¿N INTEGRAL DE ALTA CALIDAD, SUSTENTADA EN UN EXCELENTE DESEMPE¿O INSTITUCIONAL, EL ENFOQUE SIST¿MICO HOL¿STICO DE LA REALIDAD Y LA VIVENCIA COTIDIANA DE LOS PRINCIPIOS Y VALORES EXPRESADOS EN EL PROYECTO EDUCATIVO INSTITUCIONAL."
1805,1805,UNIVERSIDAD SANTIAGO DE CALI,Activa,890.303.797-1,Principal,Corporación,Privado,Universidad,Valle del Cauca,Santiago de Cali,Carrera 62 Calle 5 Campus Pampalinda,5183000,Resolución,MINISTERIO DE JUSTICIA,2800,02-09-1959,98,,www.usc.edu.co,S,01-08-2025,16466,6,AVANZAR CADA DIA EN EL  CONOCIMIENTO Y EN EL AMOR HACIENDO DE LA VIDA UN PERMANENTE APRENDIZAJE
1806,1806,UNIVERSIDAD LIBRE,Activa,860.013.798-5,Principal,Corporación,Privado,Universidad,"Bogotá, D.C.","Bogotá, D.C.",Calle 8 No. 5-80,3821000,Resolución,MINISTERIO DE GOBIERNO.,192,27-06-1946,77,,www.unilibre.edu.co,S,25-08-2021,15865,6,"LA UNIVERSIDAD LIBRE COMO CONCIENCIA CRÍTICA DEL PAÍS  Y DE LA ÉPOCA, RECREADORA DE LOS CONOCIMIENTOS CIENTÍFICOS Y TECNOLÓGICOS;  PROYECTADOS  HACÍA LA FORMACIÓN INTEGRAL DE UN EGRESADO  ACORDE CON LAS NECESIDADES FUNDAMENTALES DE LA SOCIEDAD, HACE SUYO EL COMPROMISO DE: 
- FORMAR DIRIGENTES PARA LA SOCIEDAD
- PROPENDER POR  LA IDENTIDAD  DE LA NACIONALIDAD COLOMBIANA, RESPETANDO LA DIVERSIDAD CULTURAL, REGIONAL Y ÉTNICA DEL PAÍS
- PROCURAR LA PRESERVACION DEL MEDIO Y EL EQUILIBRIO DE LOS RECURSOS NATURALES
- SER ESPACIO PARA LA FORMACIÓN DE PERSONAS DEMOCRÁTICAS, PLURALISTAS, TOLERANTES  Y CULTORES DE LA DIFERENCIA."
1806,1807,UNIVERSIDAD LIBRE,Activa,860.013.798-5,Seccional,Corporación,Privado,Universidad,Valle del Cauca,Santiago de Cali,Diagonal 37A No. 3-29  Santa Isabel,5578128,Resolución,MINISTERIO DE GOBIERNO.,192,27-06-1946,47,1,www.unilibrecali.edu.co,S,25-08-2021,15865,6,"LA UNIVERSIDAD LIBRE COMO CONCIENCIA CRITICA DEL PAIS Y DE LA EPOCA, RECREADORA DE LOS CONOCIMIENTOS CIENTIFICOS Y TECNOLOGICOS, PROYECTADOS HACIA LA FORMACION INTEGRAL DE UN EGRESADO ACORDE CON LAS NECESIDADES FUNDAMENTALES DE LA SOCIEDAD, HACE SUYO EL COMPROMISO DE:
* PROVEER LOS SECTORES DIRIGENTES DE LA SOCIEDAD.
* PROPENDER POR LA IDENTIDAD DE LA NACIONALIDAD COLOMBIANA, RESPETANDO LA DIVERSIDAD CULTURAL, REGIONAL  Y ETNICA DEL PAIS.
* PROCURAR LA PRESERVACION DEL MEDIO Y EL EQUILIBRIO DE LOS RECURSOS NATURALES.
* INCULCAR EN TODA LA COMUNIDAD UNILIBRISTA EL ESPIRITU DE PERTENENCIA.
* SER ESPACIO PARA LA  FORMACION DE PERSONAS DEMOCRATICAS, PLURALISTAS, TOLERANTES Y CULTORAS DE LA DIFERENCIA."
1806,1808,UNIVERSIDAD LIBRE,Activa,860.013.798-5,Seccional,Corporación,Privado,Universidad,Atlántico,Barranquilla,Km. 7 antigua v¿a Puerto Colombia,3598915,Resolución,MINISTERIO DE GOBIERNO,192,27-06-1946,52,1,www.unilibrebaq.edu.co,S,25-08-2021,15865,6,MISION
1806,1809,UNIVERSIDAD LIBRE,Activa,860.013.798-5,Seccional,Corporación,Privado,Universidad,Risaralda,Pereira,Calle 40 Nº 7-30,3366019,Resolución,MINISTERIO DE GOBIERNO,192,27-06-1946,40,1,www.unilibrepereira.edu.co,S,25-08-2021,15865,6,"LA UNIVERSIDAD LIBRE COMO CONCIENCIA CRÍTICA DEL PAÍS Y DE LA ÉPOCA, RECREADORA DE LOS CONOCIMIENTOS CIENTÍFICOS Y TECNOLÓGICOS, PROYECTADOS HACIA LA FORMACIÓN INTEGRAL DEL PROFESIONAL ACORDE CON LAS NECESIDADES FUNDAMENTALES DE LA SOCIEDAD,  HACE SUYO EL COMPROMISO DE:
FORMAR  DIRIGENTES PARA LA  SOCIEDAD.

PROPENDER POR LA IDENTIDAD DE LA NACIONALIDAD COLOMBIANA, RESPETANDO LA DIVERSIDAD CULTURAL, REGIONAL Y ÉTNICA DEL PAÍS.

PROCURAR LA PRESERVACIÓN DEL MEDIO Y EL EQUILIBRIO DE LOS RECURSOS NATURALES.

SER ESPACIO PARA LA  FORMACIÓN DE PERSONAS DEMOCRÁTICAS, PLURALISTAS, TOLERANTES Y CULTORES DE LA DIFERENCIA."
1806,1810,UNIVERSIDAD LIBRE,Activa,860.013.798-5,Seccional,Corporación,Privado,Universidad,Norte de Santander,San José de Cúcuta,"Av. Canal Bogotá Margen Izquierdo, Intersección Benjamín Herrera",5790896,Resolución,MINISTERIO DE GOBIERNO.,192,27-06-1946,36,1,www.unilibrecucuta.edu.co,S,25-08-2021,15865,6,MISION
1806,1811,UNIVERSIDAD LIBRE,Activa,860.013.798-5,Seccional,Corporación,Privado,Universidad,Santander,Socorro,Campus Universitario Majavita,7296945,Resolución,MINISTERIO DE GOBIERNO,192,27-06-1946,17,,www.unilibresoc.edu.co,S,25-08-2021,15865,6,"LA UNIVERSIDAD LIBRE COMO CONCIENCIA CRITICA DEL PAIS  Y DE LA EPOCA; RECREADORA DE LOS CONOCIMIENTOS  CIENTIFICOS Y TECNOLOGICOS, PROYECTADOS HACIA LA FORMACION INTEGRAL DE UN EGRESADO ACORDE CON LAS NECESIDADES FUNDAMENTALES DE LA SOCIEDAD, HACE SUYO EL COMPROMISO DE:  *  PROVEER LOS  SECTORES DIRIGENTES DE LA SOCIEDAD.  *  PROPENDER POR LA IDENTIDAD DE LA NACIONALIDAD COLOMBIANA RESPETANDO LA DIVERSIDAD CULTURAL, REGIONAL Y ETNICA DEL PAIS. * PROCURAR LA PRESERVACION DEL MEDIO Y EQUILIBRIO DE LOS RECURSOS NATURALES. * INCULCAR EN TODA LA COMUNIDAD UNILIBRISTA EL ESPIRITU  DE PERTENENCIA. * SER ESPACIO DE FORMACION DE PERSONAS DEMOCRATICAS, PLURALISTAS, TOLERANTES Y CULTURALES DE LA DIFERENCIA."
1812,1812,UNIVERSIDAD DE MEDELLIN,Activa,890.902.920-1,Principal,Corporación,Privado,Universidad,Antioquia,Medellín,Carrera 87 No. 30-65 Los Alpes,3405555,Resolución,MINISTERIO DE JUSTICIA,103,31-07-1950,98,1,www.udem.edu.co,S,30-04-2021,7470,6,"- IMPARTIR EDUCACION SUPERIOR PARA LA REALIZACION PLENA DEL SER HUMANO, CON EL PROPOSITO DE CONTRIBUIR A LA ORGANIZACION DE UNA SOCIEDAD MAS JUSTA, EQUILIBRADA Y AUTONOMA QUE PARTICIPE DIGNAMENTE DE LA COMUNIDAD INTERNACIONAL.

- DESARROLLAR PROGRAMAS QUE PROPICIEN EL INGRESO A LA UNIVERSIDAD DE ASPIRANTES PROVENIENTES DE LAS ZONAS MARGINADAS DEL DESARROLLO ECONOMICO Y SOCIAL.

- PROCURAR LA INTEGRACION DE SUS PLANES DE EDUCACION SUPERIOR CON LAS DEMAS MANIFESTACIONES BASICAS DE LA ACTIVIDAD NACIONAL.

- PROMOVER LA MEJOR FORMACION CIENTIFICA Y PEDAGOGICA DEL PERSONAL DOCENTE E INVESTIGADOR, PARA GARANTIZAR LA CALIDAD DE LA EDUCACION.

- INTEGRAR LA INVESTIGACION CON LA DOCENCIA PARA SUSCITAR UN ESPIRITU CRITICO QUE DOTE AL ESTUDIANTE DE CAPACIDAD INTELECTUAL, PARA EJERCITAR CON PLENA RESPONSABILIDAD LAS ACCIONES ENCAMINADAS A SU PERFECCIONAMIENTO PERSONAL Y AL DESARROLLO SOCIAL.

- FOMENTAR LAS FORMAS CIENTIFICAS PARA CONOCER E INTERPRETAR LA REALIDAD, PROCURANDO EL ESTUDIO DE NUEVAS CONCEPCIONES DE ORGANIZACION SOCIAL, EN UN AMBITO DE RESPETO A LA AUTONOMIA Y A LA LIBERTAD ACADEMICA, DE INVESTIGACION, DE APRENDIZAJE Y DE CATEDRA."
1813,1813,UNIVERSIDAD DE LOS ANDES,Activa,860.007.386-1,Principal,Corporación,Privado,Universidad,"Bogotá, D.C.","Bogotá, D.C.",CR 1 N. 18A -12,3394949,Resolución,MINISTERIO DE JUSTICIA.,28,23-02-1949,222,,www.uniandes.edu.co,S,06-01-2025,194,10,"LA UNIVERSIDAD DE LOS ANDES ES UNA INSTITUCI¿N AUT¿NOMA E INDEPENDIENTE QUE PROPICIA EL PLURALISMO, LA DIVERSIDAD, EL DI¿LOGO, EL DEBATE, LA CR¿TICA, LA TOLERANCIA Y EL RESPETO POR LAS IDEAS, CREENCIAS Y VALORES DE SUS MIEMBROS. LA UNIVERSIDAD BUSCA LA EXCELENCIA ACAD¿MICA, E IMPARTIR A SUS ESTUDIANTES UNA FORMACI¿N CR¿TICA Y DE GRAN RESPONSABILIDAD ¿TICA Y C¿VICA, QUE AFIANCE EN ELLOS VALORES QUE LOS HAGAN CONSCIENTES DE SU RESPONSABILIDAD SOCIAL Y LOS CONDUZCAN A COMPROMETERSE CON EL AN¿LISIS Y LA SOLUCI¿N DE LOS PROBLEMAS DEL PA¿S.
PARA LOGRAR TAL FIN, LA UNIVERSIDAD DE LOS ANDES DESARROLLA Y PONE EN PR¿CTICA METODOLOG¿AS DE AVANZADA EN LA DOCENCIA Y LA INVESTIGACI¿N, ORIENTADAS A QUE EL ESTUDIANTE SEA EL PRINCIPAL AGENTE DE SU FORMACI¿N Y RESUELVA LOS PROBLEMAS QUE SE LE PRESENTEN CON CREATIVIDAD Y RESPONSABILIDAD; Y PROPICIA UN AMBIENTE INTERDISCIPLINARIO FLEXIBLE QUE PERMITE LA INTEGRACI¿N DE LAS ARTES, LAS CIENCIAS, LA TECNOLOG¿A Y LAS HUMANIDADES, ESTIMULANDO AS¿ LA FORMACI¿N INTEGRAL.
LA UNIVERSIDAD CONSIDERA QUE SU PROYECTO DOCENTE NECESITA UN CUERPO PROFESORAL ALTAMENTE CAPACITADO  Y COMPROMETIDO, QUE SEA VERDADERO GENERADOR Y PROPAGADOR DE CONOCIMIENTO, Y UN ELEMENTO B¿SICO DEL FORTALECIMIENTO INSTITUCIONAL, POR ESTA RAZ¿N, HACE POSIBLE QUE SU VINCULACI¿N A LARGO PLAZO SEA PARA ELLOS UN PROYECTO DE VIDA, EN EL CUAL ALCANCEN SUS ASPIRACIONES Y SE DESARROLLEN PROFESIONAL Y HUMANAMENTE, SINTIENDO QUE SON VALORADOS POR LA COMUNIDAD UNIVERSITARIA Y POR LA SOCIEDAD EN GENERAL.
LA UNIVERSIDAD DE LOS ANDES, POR CONTAR CON PROGRAMAS DOCENTES Y DE INVESTIGACI¿N DE GRAN CALIDAD Y DE PROYECCI¿N INTERNACIONAL, QUE LOGRAN UNA ALTA EXIGENCIA ACAD¿MICA EN UN CLIMA DE LIBERTAD Y DIVERSIDAD, FORMA PROFESIONALES ¿NTEGROS, RESPONSABLES E IMAGINATIVOS, QUE AL ALCANZAR LOS M¿S AVANZADOS NIVELES EN SUS DISCIPLINAS, CONTRIBUYEN DECIDIDAMENTE AL MEJORAMIENTO CULTURAL Y ECON¿MICO DEL PA¿S Y AL FORTALECIMIENTO DE LOS VALORES DE CONVIVENCIA SOCIAL."
1814,1814,UNIVERSIDAD AUTONOMA LATINOAMERICANA-UNAULA-,Activa,890905456-9,Principal,Corporación,Privado,Universidad,Antioquia,Medellín,Carrera 55A  49 - 51,5112199,Resolución,GOBIERNO DEPARTAMENTAL DE ANTIOQUIA,203,30-10-1968,38,,www.unaula.edu.co,S,16-05-2022,8607,4,"LA UNIVERSIDAD AUT¿NOMA LATINOAMERICANA SE COMPROMETE CON LA B¿SQUEDA, CREACI¿N, DESARROLLO, DIFUSI¿N Y DIVULGACI¿N DEL CONOCIMIENTO EN LOS CAMPOS DE LAS CIENCIAS, LAS HUMANIDADES, LAS ARTES Y LA FILOSOF¿A, MEDIANTE ACTIVIDADES DE INVESTIGACI¿N, DOCENCIA Y EXTENSI¿N, A TRAV¿S DE PROGRAMAS DE PREGRADO Y POSGRADO, DE EXTENSI¿N Y EDUCACI¿N CONTINUADA, PARA PONERLOS AL SERVICIO DEL PA¿S.

FORMAR¿ UN NUEVO PROFESIONAL PARA UNA NUEVA ¿POCA QUE SEA M¿S PRODUCTIVO EN LO ECON¿MICO, POR SU IMAGINACI¿N Y CREATIVIDAD, M¿S SOLIDARIO EN LO SOCIAL, POR SU ESPECIAL SENCIBILIDAD, M¿S PARTICIPATIVO Y TOLERANTE EN LO POL¿TICO, M¿S RESPETUOSO DE LOS DERECHOS HUMANOS, M¿S CONSCIENTE DEL VALOR DE LA NATURALEZA, M¿S INTEGRADO EN LO CULTURAL Y M¿S ORGULLOSO DE SU CONDICI¿N DE COLOMBIANO."
1815,1815,CORPORACION UNIVERSIDAD PILOTO DE COLOMBIA,Activa,860.022.382-3,Principal,Corporación,Privado,Universidad,"Bogotá, D.C.","Bogotá, D.C.",Carrera  9  45A-44,3322900,Resolución,MINISTERIO DE JUSTICIA.,3681,27-11-1962,69,,www.unipiloto.edu.co,S,22-04-2025,8303,6,"LA UNIVERSIDAD PILOTO BUSCA LA EXCELENCIA HUMANA Y ACADEMICA, ESTA COMPROMETIDA CON LA SALVAGUARDIA, INCREMENTO Y DIFUSION DEL SABER, FOMENTA LA INVESTIGACION Y EL INTERCAMBIO CON INSTITUCIONES NACIONALES Y EXTRANJERAS, FORMA PROFESIONALES INNOVADORES EN LA CIENCIA, LAS ARTES Y LA TECNOLOGIA CON COMPETENCIAS FLEXIBLES, CAPACIDAD EMPRENDEDORA Y CREATIVA, ACTITUDES CIENTIFICAS, ANALITICAS Y CRITICAS, MENTALIDAD ABIERTA Y GLOBAL, COMPROMETIDOS CON LOS VALORES ETICOS, CULTURALES, DEMOCRATICOS Y AMBIENTALES QUE QUE GARANTICEN EL DESARROLLO INTEGRAL Y ARMONICO DE LAS INSTITUCIONES DE LA SOCIEDAD, DE LAS REGIONES Y DEL PAIS EN GENERAL. TODO ELLO CON UNA VISION ANTROPOCENTRICA Y LA CONCEPCION DEL DESARROLLO URBANO PARAEL BIENSTAR DEL HOMBRE."
1816,1816,UNIVERSIDAD COOPERATIVA DE COLOMBIA,Activa,860.029.924-7,Principal,Corporación,Privado,Universidad,Antioquia,Medellín,Calle 50  41-70,2391100,No informa,SIN DATO,SIN DATO,19-03-2007,49,1,www.ucc.edu.co,S,29-05-2023,8913,6,MISION
1816,1817,UNIVERSIDAD COOPERATIVA DE COLOMBIA,Activa,860.029.924-7,Seccional,Corporación,Privado,Universidad,Santander,Bucaramanga,Calle 30A  33-51,343825,No informa,SIN DATO,SIN DATO,19-03-2007,30,1,www.ucc.edu.co,S,29-05-2023,8914,6,MISION
1816,1818,UNIVERSIDAD COOPERATIVA DE COLOMBIA,Activa,860.029.924-7,Seccional,Corporación,Privado,Universidad,"Bogotá, D.C.","Bogotá, D.C.","Av. Caracas  No. 44-21, Recibo Correspondencia: Av. Caracas No. 37-63",3323565,No informa,SIN DATO,SIN DATO,19-03-2007,196,1,www.ucc.edu.co,S,29-05-2023,8915,6,"LA UNIVERSIDAD COOPERATIVA DE COLOMBIA ES UNA INSTITUCION DE EDUCACION SUPERIOR, AUXILIAR DEL COOPERATIVISMO, DE PROPIEDAD SOCIAL, QUE POR SU HISTORIA Y ORGANIZACION PERTENECE AL SECTOR DE LA ECONOMIA SOLIDARIA. 

CORPORACION SIN ANIMO DE CARACTER PRIVADO E INTERES SOCIAL, AUXILIAR DEL COOPERATIVISMO, Y PERTENECIENTE AL SECTOR DE LA ECONOMIA SOLIDARIA

SON SUS FUNCIONES SUSTANTIVAS: LA FORMACION DE PROFESIONALES CON CRITERIOS POLITICOS Y SOLIDARIOS QUE CONTRIBUYAN A LA TRANSFORMACION ARMONICA DE LA SOCIEDAD; LA INVESTIGACION COMO ACTIVIDAD BASICA DE LA DOCENCIA Y COMO APORTE A LOS PROBLEMAS CIENTIFICOS, TECNOLOGICOS Y SOCIALES; Y LA EXTENSION COMO PROYECCION SOCIAL ORIENTADA AL SERVICIO PUBLICO Y AL VINCULO EFECTIVO CON EL SECTOR PRODUCTIVO.

IMPARTE FORMACION EN LOS CAMPOS DE LAS CIENCIAS, LAS TECNICAS, LAS TECNOLOGIAS Y LAS HUMANIDADES A NIVEL DE PREGRADO Y POSTGRADO, EN UN AMBIENTE DE BIENESTAR INSTITUCIONAL ACTIVO Y FLEXIBLE DE APRENDIZAJE PERMANENTE.

ES UNA UNIVERSIDAD DE CARACTER NACIONAL, DESCENTRALIZADA Y ABIERTA AL MUNDO."
1816,1819,UNIVERSIDAD COOPERATIVA DE COLOMBIA,Activa,860.029.924-7,Seccional,Corporación,Privado,Universidad,Santander,Barrancabermeja,Calle 57 entre carrerras 24 y 27 Barrio G,213277,No informa,SIN DATO,SIN DATO,19-03-2007,9,,ucc.edu.co,N,,,,"SOMOS UNA INSTITUCIÓN DE EDUCACIÓN SUPERIOR, DE PROPIEDAD SOCIAL,  QUE POR SU ORIGEN Y ORGANIZACIÓN PERTENECE AL SECTOR DE LA ECONOMÍA SOLIDARIA.

NUESTROS PRINCIPIOS FUNDAMENTALES SON:  LA FORMACIÓN DE PROFESIONALES CON CRITERIOS POLÍTICOS, CREATIVOS Y SOLIDARIOS QUE CONTRIBUYAN AL DESARROLLO ARMÓNICO DE LA SOCIEDAD.

LA INVESTIGACIÓN  COMO ACTIVIDAD COMPLEMENTARIA DE LA DOCENCIA Y COMO APORTE A LA SOLUCIÓN DE PROBLEMAS CIENTÍFICOS, TECNOLÓGICOS Y SOCIALES.

LA EXTENSIÓN  ORIENTADA AL SERVICIO PÚBLICO Y EL VINCULO EFECTIVO CON EL SECTOR PRODUCTIVO.

IMPARTIMOS FORMACIÓN EN LOS CAMPOS DE LAS CIENCIAS,  LAS TECNOLOGÍAS Y LAS HUMANIDADES A NIVEL DE PREGRADO,  POSGRADO Y EDUCACIÓN NO FORMAL EN UN AMBIENTE ACTIVO Y FLEXIBLE DE APRENDIZAJE.

COMO COMUNIDAD UNIVERSITARIA VALORAMOS LA SOLIDARIDAD,  LA EQUIDAD,  EL RESPETO  A LA DIVERSIDAD Y LA LIBERTAD COMO FUNDAMENTO DE LA CONSTRUCCIÓN DE UNA NUEVA SOCIEDAD. SOMOS UNA UNIVERSIDAD DE CARÁCTER NACIONAL, DESCENTRALIZADA Y ABIERTA AL MUNDO."
1816,1820,UNIVERSIDAD COOPERATIVA DE COLOMBIA,Activa,860.029.924-7,Seccional,Corporación,Privado,Universidad,Magdalena,Santa Marta,Troncal del Caribe Sector Mamatoco,4331715,No informa,SIN DATO,SIN DATO,19-03-2007,21,,www.ucc.edu.co,N,,,,MISION
1815,1822,CORPORACION UNIVERSIDAD PILOTO DE COLOMBIA,Activa,860.022.382-3,Seccional,Corporación,Privado,Universidad,Cundinamarca,Girardot,Cra. 19  17-33 Barrio Las Quintas,8332845,Resolución,MINISTERIO DE JUSTICIA.,3681,27-11-1962,10,,www.unipiloto.edu.co,N,,,,"LA CORPORACIÓN UNIVERSIDAD PILOTO DE COLOMBIA ES UNA INSTITUCIÓN AUTÓNOMA, DE CARÁCTER PRIVADO Y DE SERVICIO PÚBLICO CON PERSONERÍA JURÍDICA, FUNDADA POR JÓVENES UNIVERSITARIOS ALTRUISTAS PARA JÓVENES ALTRUISTAS, QUE SE DESEMPEÑA EN ÁMBITOS LOCALES E INTERNACIONALES Y PARTICIPA EN LA CONSERVACIÓN, CONSTRUCCIÓN Y TRANSMISIÓN  DE LA CULTURA, PROPENDE POR LA FORMACIÓN INTEGRAL DE SUS ESTUDIANTES Y DOCENTES, Y POR EL CONOCIMIENTO CIENTÍFICO Y TECNOLÓGICO; PREPARA DOCENTES EN SUS DISCIPLINAS, PROFESIONALES, INVESTIGADORES Y CIENTÍFICOS IDÓNEOS; PROMUEVE LA INVESTIGACIÓN CIENTÍFICA Y LA FORMACIÓN DE INVESTIGADORES EN DIFERENTES RAMAS DEL SABER, INSTRUMENTA A SUS PROFESORES EN PEDAGOGÍA, FOMENTA EL ESTUDIO Y SOLUCIÓN DE LOS PROBLEMAS NACIONALES CON ÉNFASIS EN LOS PROBLEMAS URBANOS, SE PREOCUPA EN LA TEORÍA Y EN LA PRÁCTICA POR LA FORMACIÓN DE LA CONSCIENCIA ÉTICA Y LA FIRME VOLUNTAD  DE SERVICIO A LA COMUNIDAD; AUSPICIA LA VINCULACIÓN DEL PENSAMIENTO COLOMBIANO A LA COMUNIDAD CIENTÍFICA INTERNACIONAL; FORMA AL COLOMBIANO EN EL RESPETO A LOS DERECHOS HUMANOS, LA PAZ Y LA DEMOCRACIA. SU IDENTIDAD Y MISIÓN SE CONDENSAN EN SU NOMBRE: UNIVERSIDAD PILOTO DE COLOMBIA."
1823,1823,UNIVERSIDAD AUTONOMA DE BUCARAMANGA-UNAB-,Activa,890.200.499-9,Principal,Corporación,Privado,Universidad,Santander,Bucaramanga,Avenida 42 No. 48 - 11,6436111,Resolución,MINISTERIO DE JUSTICIA,3284,21-12-1956,127,6,www.unab.edu.co,S,31-07-2023,12987,6,"SOMOS UNA COMUNIDAD EDUCATIVA CREADA EN 1952, ORGANIZADA SEG¿N LAS LEYES COLOMBIANAS COMO CORPORACI¿N CIVIL, PRIVADA Y DE UTILIDAD COM¿N, SIN ¿NIMO DE LUCRO, FUNDADA EN PRINCIPIOS DEMOCR¿TICOS, QUE PROPENDE A LA TOLERANCIA, EL RESPETO POR LAS CREENCIAS Y DERECHOS DE LOS DEM¿S, LA C¿TEDRA LIBRE Y LA LIBERTAD DE EXPRESI¿N. NUESTRO OBJETO EN LA UNIVERSIDAD ES PROPICIAR LA FORMACI¿N INTEGRAL DE PERSONAS EN PROGRAMAS DE PREGRADO Y POSGRADO, LA CONSTRUCCI¿N, PRESERVACI¿N Y DIFUSI¿N DEL CONOCIMIENTO, Y LA PARTICIPACI¿N EN LOS PROCESOS DE MEJORAMIENTO DE LA SOCIEDAD. EJERCEMOS LA DOCENCIA, LA INVESTIGACI¿N Y LA EXTENSI¿N ORIENTADAS HACIA VALORES L¿GICOS, ¿TICOS Y EST¿TICOS, GENERANDO ESPACIOS PARA EL EJERCICIO DE LA CIUDADAN¿A, EL DESARROLLO DE LA CULTURA, EL PENSAMIENTO CIENT¿FICO, LA PROTECCI¿N Y EL APROVECHAMIENTO DE LOS RECURSOS NATURALES. FAVORECEMOS LAS COMPETENCIAS PARA EL EJERCICIO PROFESIONAL COMO APORTE INNOVADOR AL PROGRESO REGIONAL Y DEL PA¿S PARA LA CONSTRUCCI¿N DE LA IDENTIDAD NACIONAL EN UN CONTEXTO GLOBAL."
1824,1824,UNIVERSIDAD METROPOLITANA,Activa,890.105.361-5,Principal,Corporación,Privado,Universidad,Atlántico,Barranquilla,Calle 76 No. 42-78,3587889,Resolución,MINISTERIO DE EDUCACION NACIONAL,1052,25-02-1974,23,,www.unimetro.edu.co,N,,,,"LA UNIVERSIDAD METROPOLITANA TIENE COMO MISION:  FORTALECER LA LIBERTAD DE PENSAMIENTO, CONTRIBUYENDO EN LA  CREACION DE CONOCIMIENTOS INTERDISCIPLINARIOS, QUE MEDIANTE LA CONCURRENCIA DE LAS COMUNIDADES ACADEMICAS Y CIENTIFICAS PROPICIEN LA GENERACION DE IDEAS Y PERMITAN LA FORMACION DE SERES LIBRES, LIDERES, CREATIVOS, CRITICOS, REFLEXIVOS, ANALITICOS Y SOLIDARIOS QUE ACTUEN COMO VERDADEROS AGENTES DE CAMBIO.  LA UNIVERSIDAD ENFATIZA EN LA PERMANENTE BUSQUEDA DE LA EXCELENCIA Y LA AUTENTICIDAD EN CONCORDANCIA CON SUS CARACTERISTICAS INTRINSECAS, CON PEDAGOGIA AUTOMOTIVANTE; Y CON UN PROYECTO EDUCATIVO AUTOCTONO ENCAMINADO AL DESARROLLO DE LAS CIENCIAS DE LA SALUD."
1825,1825,UNIVERSIDAD AUTONOMA DE MANIZALES,Activa,890.805.051-0,Principal,Corporación,Privado,Universidad,Caldas,Manizales,Antigua Estacion del Ferocarril,8727272,Resolución,MINISTERIO DE EDUCACION NACIONAL,1549,25-02-1981,73,8,www.autonoma.edu.co,S,09-06-2025,11503,8,"SOMOS UNA COMUNIDAD EDUCADORA, DINAMIZADORA DEL CONOCIMIENTO, COMPROMETIDA CON LA CONVIVENCIA PACIFICA Y EL DESARROLLO, QUE CONTRIBUYE A LA FORMACION DE PERSONAS ETICAS, CON PENSAMIENTO CRITICO E INNOVADOR"
1826,1826,UNIVERSIDAD ANTONIO NARIÑO,Activa,860.056.070-7,Principal,Corporación,Privado,Universidad,"Bogotá, D.C.","Bogotá, D.C.",Carrera 38  58 A 77,3152973,Resolución,Ministerio de Educaci¿n Nacional,4571,24-05-1977,163,1,www.uan.edu.co,S,11-01-2024,102,6,"LA UNIVERSIDA ANTONIO NARI?O, EN UN CLARO COMPROMISO CON EL DESARROLLO DEL PAIS SE PROPONE COMO MISION: 
LA DEMOCRATIZACION DEL CONOCIMIENTO MEDIANTE LA GENERACION DE OPORTUNIDADES DE ACCESO A LA EDUCACION SUPERIOR, LA DESCENTRALIZACION, LA COBERTURA DE LA OFERTA EDUCATIVA Y LA DIVERSIFICACION DE PROGRAMAS ORIENTADOS A LA FORMACION DE CIUDADANOS IDONEOS Y COMPETITIVOS, ETICOS Y HUMANISTAS, CON PENSAMIENTO AUTONOMO Y CRITICO, QUE PARTICIPEN EN LOS PROCESOS DE TRANSFORMACION DE LA SOCIEDAD."
1827,1827,UNIVERSIDAD CATOLICA DE MANIZALES,Activa,890806477-9,Principal,Corporación,Privado,Universidad,Caldas,Manizales,Carrera 23  60-63,8933050,Decreto,ARQUIDIOCESIS DE MANIZALES,271,19-06-1962,49,2,www.ucm.edu.co,S,11-01-2024,103,6,"LA UNIVERSIDAD CATOLICA DE MANIZALES, ILUMINADA POR LA DOCTRINA DE LA IGLESIA Y EL CARISMA CONGREGACIONAL DE LAS HERMANAS DE LA CARIDAD DOMINICAS DE LA PRESENTACION, DESDE SU COMPROMISO CON LA VERDAD Y LA CARIDAD, TIENE COMO MISION FUNDAMENTAL CONTRIBUIR A LA FORMACION INTEGRAL DE LA PERSONA HUMANA. OFRECE CON CRITERIO DE UNIVERSABILIDAD PROGRAMAS DE FORMACION PROFESIONAL, FORMACION AVANZADA Y EDUCACION PERMANENTE,  A TRAVES DE PROCESOS DE DOCENCIA INVESTIGACION Y EXTENSION.
FUNDADA EN LOS PILARES DE HUMANIZACION PERSONALIZACION, SOCIALIZACION Y TRASCENDENCIA Y EN LOS VALORES DE LA VERDAD, LA CONFIANZA, LOS IDEALES, LA JUSTICIA, LA ESPERANZA Y LA VOCACION POR LA PAZ; LA UNIVERSIDAD ORIENTA SU ACADEMIA HACIA LA BUSQUEDA Y CONSOLIDACION DEL DESARROLLO HUMANO, SOCIAL, CIENTIFICO Y TECNOLOGICO, A PARTIR DE LA COMUNICACION DEL CONOCIMIENTO ACUMULADO, LA GENERACION DE NUEVOS SABERES Y LA PROYECCION SOCIAL DE DICHOS CONOCIMIENTOS."
1828,1828,UNIVERSIDAD ICESI,Activa,890.316.745-5,Principal,Corporación,Privado,Universidad,Valle del Cauca,Santiago de Cali,Calle 18 No.122-135 (Pance),5552369,Resolución,MINISTERIO DE EDUCACION NACIONAL,11677,12-07-1979,162,1,www.icesi.edu.co,S,10-12-2021,23652,8,"EN EL A?O 2005, EL ICESI SERA UNA UNIVERSIDAD RECONOCIDA COMO LA MEJOR ALTERNATIVA EN COLOMBIA EN LAS AREAS RELACIONADAS CON EL DESARROLLO Y LA COMPETITIVIDAD DE LAS ORGANIZACIONES."
1805,1829,UNIVERSIDAD SANTIAGO DE CALI,Activa,8903037971,Seccional,Corporación,Privado,Universidad,Valle del Cauca,Palmira,Carrera 30 Calle 38 Esquina,2712617,Resolución,MINISTERIO DE JUSTICIA,2800,02-09-1959,9,,www.usc.edu.co/palmira,N,,,,
1830,1830,UNIVERSIDAD AUTONOMA DE OCCIDENTE,Activa,890.305.881-1,Principal,Corporación,Privado,Universidad,Valle del Cauca,Santiago de Cali,Calle 25 115 - 85  Km. 2 Vía Jamundí,3188000,Resolución,GOBERNACION DEL VALLE,618,20-02-1970,166,3,www.uao.edu.co,S,30-11-2021,23002,4,"La Universidad Autónoma de Occidente es una Institución de Educación Superior de carácter privado, cuya misión es la de integrar, con perspectiva internacional, las funciones sustantivas de docencia, investigación y proyección social para contribuir a la formación de personas con visión humanística, creativas y emprendedoras, a la generación de conocimiento y a la solución de problemas del entorno regional, nacional e internacional"
1831,1831,UNIVERSIDAD DE IBAGUE,Activa,890.704.382-1,Principal,Corporación,Privado,Universidad,Tolima,Ibagué,"Barrio Ambala, Carrera 22 Calle 67",2760010,Resolución,MINISTERIO DE EDUCACION NACIONAL,1867,27-02-1981,44,5,www.unibague.edu.co,S,15-05-2024,7465,6,"LA CORPORACI¿N UNIVERSITARIA DE IBAGU¿ TIENE COMO MISI¿N, PROMOVER LA FORMACI¿N INTEGRAL DE L¿DERES Y EMPRESARIOS CON S¿LIDA FORMACI¿N CIENT¿FICA Y PROFESIONAL, CON ARRAIGADOS PRINCIPIOS ¿TICOS Y MORALES, Y COMPROMETIDOS CON EL DESARROLLO SOCIAL, CULTURAL Y ECON¿MICO REGIONAL.

FOMENTAR¿ SIN DISTINGOS DE RAZA, NACIONALIDAD O SEXO, LA FORMACI¿N PROFESIONAL QUE PROCURE EL DESARROLLO INTEGRAL DEL SER HUMANO Y CONTRIBUYA AL APROVECHAMIENTO DE LOS RECURSOS NATURALES DE LA REGI¿N Y AL BIENESTAR GENERAL DE LA COMUNIDAD.

CORUNIVERSITARIA ENTIENDE LA EDUCACI¿N SUPERIOR COMO UNA ESTRATEGIA Y UNA OPORTUNIDAD DE PERFECCIONAMIENTO Y REALIZACI¿N PERSONALES DE QUIENES HAN DE INTERVENIR EN LA TRANSFORMACI¿N DE SU MEDIO, EN BENEFICIO DE LA COMUNIDAD REGIONAL Y DE LA SOCIEDAD EN GENERAL.

CORUNIVERSITARIA BUSCA LA RECUPERACI¿N DE LOS VALORES ESENCIALES DE LA PERSONA, EL FORTALECIMIENTO DE LA DEMOCRACIA, EL RESPETO A LOS DERECHOS HUMANOS, LA EQUIDAD Y LA JUSTICIA Y LA AFIRMACI¿N DE LA IDENTIDAD REGIONAL Y NACIONAL.

PARA LA REALIZACI¿N DE SUS PROGRAMAS, CONSULTAR¿ EL GRADO DE DESARROLLO ACTUAL DE LA REGI¿N, SUS PROYECCIONES Y EN FORMA PREFERENCIAL, LAS NECESIDADES DE LA COMUNIDAD REGIONAL Y DE LAS EMPRESAS Y ENTIDADES DE LA REGI¿N TENIENDO EN CUENTA LOS REQUERIMIENTOS DEL PA¿S PARA SU PROGRESO ECON¿MICO , SOCIAL Y CULTURAL."
1832,1832,UNIVERSIDAD TECNOLOGICA DE BOLIVAR,Activa,890.401.962,Principal,Corporación,Privado,Universidad,Bolívar,Cartagena de Indias,"Campus de Ternera, Vía a Turbaco Km. 1",6535200,Resolución,GOBERNACION DEL DEPARTAMENTO DE BOLIVAR,961,26-10-1970,94,4,www.unitecnologica.edu.co,S,29-05-2023,8916,6,"SOMOS UNA INSTITUCIÓN DE FORMACIÓN E INVESTIGACIÓN, CON VOCACIÓN EMPRESARIAL, DONDE LA COMUNIDAD ACADÉMICA - ESTUDIANTES Y PROFESORES, LOS EMPRESARIOS Y LA SOCIEDAD, ENCUENTRAN UN ESPACIO ADECUADO PARA COMPARTIR UN PROYECTO EDUCATIVO CRÍTICO, FLEXIBLE Y GLOBAL, A TRAVES DEL CUAL APRENDER A CONOCER, HACER, CONVIVIR Y SER, DENTRO DE ALTAS EXIGENCIAS ACADÉMICAS Y CON UN SENTIDO DE RESPONSABILIDAD SOCIAL CONDUCENTE AL MEJORAMIENTO DE LA CALIDAD DE VIDA DE NUSTRA CIUDAD Y EL CARIBE."
1833,1833,CORPORACIÓN UNIVERSIDAD DEL SINU - ELIAS BECHARA ZAINUM - UNISINU -,Activa,891.000.692-1,Principal,Corporación,Privado,Universidad,Córdoba,Montería,Carrera 1W Calle 38 Barrio Juan XXIII,7811717,Resolución,MINISTERIO DE EDUCACION NACIONAL.,12154,27-10-1977,69,1,www.unisinu.edu.co,S,29-05-2023,8917,6,"LA CORPORACION UNIVERSITARIA DEL SINU BUSCA LA FORMACION INTEGRAL DEL SER HUMANO, Y LA CONSERVACION, TRANSMISION Y DESARROLLO DE LA CIENCIA Y DE LA CULTURA, TRASCENDIENDO DE LO  PURAMENTE  INFORMATIVO Y T¿CNICO, EN BUSCA DE LA REALIDAD Y EL  EQUILIBRIO DE LA PERSONA  PROCURANDO LA INSTAURACION Y MANTENIMIENTO DE UNA SOCIEDAD MAS CULTA Y MAS JUSTA."
1833,1834,CORPORACIÓN UNIVERSIDAD DEL SINU - ELIAS BECHARA ZAINUM - UNISINU -,Activa,891.000.692-1,Seccional,Corporación,Privado,Universidad,Bolívar,Cartagena de Indias,"Av. El Bosque, Transv. 54 N¿ 30-453",6517013,Resolución,MINISTERIO DE EDUCACION NACIONAL.,12154,27-10-1977,58,,www.unisinucartagena.edu.co,N,,,,
1835,1835,UNIVERSIDAD DE CIENCIAS APLICADAS Y AMBIENTALES - UDCA,Activa,860.403.721.2,Principal,Corporación,Privado,Universidad,"Bogotá, D.C.","Bogotá, D.C.",Calle 222  54-37,6684700,Resolución,MINISTERIO DE EDUCACION NACIONAL,7392,20-05-1983,51,,www.udca.edu.co,S,15-05-2024,7467,6,"LA U.D.C.A. ES UNA INSTITUCI¿N UNIVERSITARIA AUT¿NOMA, DE INSPIRACI¿N PLURALISTA Y DEMOCR¿TICA , CUYA MISION SE FUNDAMENTA EN LOS PRINCIPIOS CONSTITUCIONALES Y LA LEGISLACI¿N SOBRE EDUCACI¿N SUPERIOR PARA DESARROLLAR LA DOCENCIA , LA
 INVESTIGACI¿N Y LA EXTENSI¿N EN FUNCI¿N DE LA FORMACI¿N DE PROFESIONALES INTEGRALES CON COMPROMISO SOCIAL,CON CAPACIDAD DE LIDERAZGO Y CON ALTOS VALORES CIUDADANOS , EN AQUELLOS CAMPOS DE ACCI¿N QUE CONTRIBUYEN A UN DESARROLLO JUSTO Y EQUITATIVO DE LOS GRUPOS MENOS FAVORECIDOS.
PROPENDER¿,POR LA CALIDAD Y EXCELENCIA ACAD¿MICA A TRAV¿S DE LA UNIVERSALIZACI¿N,GENERACI¿N Y DIFUSI¿N DEL CONOCIMIENTO,CONTRIBUYENDO AL RESPETO DE LOS DERECHOS Y DEBERES COSNTITUCIONALES Y AL DESARROLLO HUMANO SOSTENIBLE."
2102,2102,UNIVERSIDAD NACIONAL ABIERTA Y A DISTANCIA UNAD,Activa,860.512.780-4,Principal,Nacional,Oficial,Universidad,"Bogotá, D.C.","Bogotá, D.C.",Calle 14 No 14-23 Sur,3443700,Ley,Congreso de Colombia,52,07-07-1981,113,1,www.unad.edu.co,S,29-12-2021,25081,4,"CONTRIBUIR A LA FORMACION INTEGRAL Y PERMANENTE DE PROFESIONALES E INVESTIGADORES, CAPACES DE ASIMILAR REFLEXIVAMENTE LA DINAMICA CULTURAL DE LA COMUNIDAD Y DE PARTICIPAR EN LA GENERACION, APROPIACION Y APLICACION DEL CONOCIMIENTO, CON ENFASIS EN LA SOLUCION DE PROBLEMAS NACIONALES, PREFERENCIALMENTE POR MEDIO DE LA METODOLOGIA ABIERTA Y A DISTANCIA, LA AUTOGESTION FORMATIVA Y LA REALIZACION DE INNOVACIONES QUE FACILITEN LA TRANSFORMACION PRODUCTIVA Y EL CAMBIO SOCIOCULTURAL DE LAS REGIONES."
2104,2104,ESCUELA SUPERIOR DE ADMINISTRACION PUBLICA-ESAP-,Activa,899.999.054-7,Principal,Nacional,Oficial,Institución Universitaria/Escuela Tecnológica,"Bogotá, D.C.","Bogotá, D.C.",Calle 44 # 53 - 37 CAN,2202790,Ley,Congreso de la Republica,19,18-12-1958,17,,www.esap.edu.co,N,,,,"LA ESCUELA SUPERIOR DE ADMINISTRACION PUBLICA TIENE COMO MISION, LA INVESTIGACION, LA ENSE¿ANZA, LA EXTENSION Y DIFUSION  EN LOS CAMPOS DEL SABER DE LA ADMINISTRACION PUBLICA Y DEL ESTADO.  ESPECIALMENTE  LE CORRESPONDE  ATENDER LOS REQUERIMIENTOS  DE FORMACION Y CAPACITACION DE LOS SERVIDORES PUBLICOS Y LA ASESORIA A LA ADMINISTRACION EN TODOS SUS ORDENES, PROPENDIENDO POR FORTALECIMIENTO DE LOS PRINCIPIOS CONSTITUCIONALES QUE RIGEN LA FUNCION ADMINISTRATIVA.

ESPECIALMENTE LE CORRESPONDE ATENDER LOS REQUERIMIENTOS  DE FORMACION Y CAPACITACION DE LOS SERVIDORES PUBLICOS Y LA ASESORIA A LA ADMINISTRACION EN TODOS SUS ORDENES, PROPENDIENDO POR EL FORTALECIMIENTO DE LOS PRINCIPIOS CONSTITUCIONALES QUE RIGEN LA FUNCION ADMINISTRATIVA."
2106,2106,DIRECCION DE EDUCACION POLICIAL,Activa,900373379-0,Principal,Nacional,Oficial,Institución Universitaria/Escuela Tecnológica,"Bogotá, D.C.","Bogotá, D.C.",Transversal 33 47A-35 Sur Barrio F¿tima,3159136,Ley,Congreso de Colombia,14,08-09-1919,63,,www.policia.edu.co,S,01-03-2022,2286,4,"LA MISION DE LA ESCUELA NACIONAL DE POLICIA COMO INSTITUCION DE EDUCACION SUPERIOR, ES LA DE ADMITIR, FORMAR, CAPACITAR Y ESPECIALIZAR INTEGRALMENTE A LOS PROFESIONALES DE POLICIA QUE REQUIERE EL PAIS, PARA SATISFACER LAS NECESIDADES DE SEGURIDAD Y DINAMIZAR A TRAVES DEL PROYECTO EDUCATIVO INSTITUCIONAL, EL PLAN DE TRANSFORMACION CULTURAL DE LA POLICIA NACIONAL."
2110,2110,COLEGIO MAYOR DE ANTIOQUIA,Activa,890.980.134-1,Principal,Municipal,Oficial,Institución Universitaria/Escuela Tecnológica,Antioquia,Medellín,Calle 65  77-126 Robledo,4225252,Ley,Congreso de Colombia,48,17-12-1945,41,4,www.colmayor.edu.co,S,17-07-2020,13165,6,"EL COLEGIO MAYOR DE ANTIOQUIA ES UNA INSTITUCION UNIVERSITARIA ORGANIZADA COMO ESTABLECIMIENTO PUBLICO, DE CARACTER ACADEMICO, DEL ORDEN NACIONAL, DE NATURALEZA AUTONOMA, ADSCRITA AL MINISTERIO DE EDUCACION NACIONAL.

DIRIGE SU ACCION HACIA LA SATISFACCION PLENA DE LAS NECESIDADES ACADEMICAS, CIENTIFICAS, TECNOLOGICAS, CULTURALES, POLITICAS, HUMANISTICAS, FILOSOFICAS Y ARTISTICAS DE SUS ESTAMENTOS DICENTE, DOCENTE Y ADMINISTRATIVA, MEDIANTE LA OFERTA DE SERVICIOS ACADEMICOS INTEGRADOS, DE EFICIENCIA Y CALIDAD.

DENTRO DE LOS PRINCIPIOS Y VALORES QUE RIGEN A LA INSTITUCION BUSCA PERMANENTEMENTE EL DESARROLLO INTEGRAL Y EQUITATIVO DE SU TALENTO HUMANO PARA LOGRAR UNOS NIVELES DE RENDIMIENTO ACADEMICO Y PRODUCTIVIDAD QUE PERMITAN LA RETRIBUCION ESPERADA POR LOS ALUMNOS Y LA SOCIEDAD EN GENERAL.

ASI MISMO, PROCURA ACTIVAR VALORES COMO:  ACTITUD DE SERVICIO, RESPONSABILIDAD SOCIAL, COMPORTAMIENTO ETICO, RECTITUD, CAPACIDAD DE INNOVACION, DINAMISMO, DESARROLLO MAXIMO DE SUS CAPACIDADES, CALIDAD, PRODUCTIVIDAD Y LIDERAZGO."
2104,2111,ESCUELA SUPERIOR DE ADMINISTRACION PUBLICA-ESAP-,Activa,899.999.054-7,Seccional,Nacional,Oficial,Institución Universitaria/Escuela Tecnológica,Antioquia,Medellín,Calle 56 (Bolivia)  45-34,2543780,Ley,Congreso de la Republica.,19,18-12-1958,,,www.esap.edu.co,N,,,,"LA INVESTIGACION, LA ENSEÑANZA, LA EXTENSION Y DIFUSION  EN LOS CAMPOS DEL SABER DE LA ADMINISTRACION PUBLICA Y DEL ESTADO.  ESPECIALMENTE LE CORRESPONDE ATENDER LOS REQUERIMIENTOS  DE FORMACION, CAPACITACION  DE LOS SERVICIOS PUBLICOS Y LA ASESORIA A LA ADMINISTRACION  EN TODOS SUS ORDENES, PROPENDIENDO POR EL FORMALECIMIENTO DE LOS PRINCIPIOS  CONSTITUCIONALES QUE RIGEN  LA FUNCION  ADMINISTRATIVA.   EN CUMPLIMIENTO DE SU MISION , LA ESAP:

CONCURRIRA CON LA ACCION GUBERNAMENTAL EN LA FORMACION , EJECUCION Y EVALUACION  DE LAS POLITICAS  ESTATALES  SOBRE LA ORGANIZACION Y LA FUNCION PUBLICA, Y EN LA PROMOCION  DE LA PARTICIPACION CIUDADANA, EN EL MARCO CONSTITUCIONAL DE DESCENTRALIZACION  Y DISTRIBUCION  EQUITATIVA DE LOS RECURSOS PUBLICOS, CON MIRAS AL LOGRO DE DESARROLLO INTEGRAL DEL PAIS.

PROMOVERA LA INVESTIGACION EN MATERIAS HUMANISTICAS, POLITICAS Y SOCIALES QUE CONTRIBUYEN A SU FORTALECIMIENTO COMO CENTRO DE PENSAMIENTO SOBRE LA ADMINISTRACION DE LO PUBLICO.

FORMARA CONSULTORES, ASESORES, INVESTIGADORES, DOCENTES Y FACILITADORES CON UNA REAL CAPACIDAD MULTIPLICADORA  DE ACTUAR, DESDE EL INTERIOR COMO FUNCIONARIOS O DESDE EL EXTERIOR COMO CONTRATISTAS  DE LAS INSTITUCIONES.

AMPLIARA SU COBERTURA EDUCATIVA PARA LOS NIVELES DIRECTIVOS Y EJECUTIVOS, HASTA LOS LUGARES MAS APARTADOS E INCLUYENDO LOS TEMAS MAS ESPECIALIZADOS, DANDO APLICACION A LAS TECNICAS DE FORMACION EN EL PUESTO DE TRABAJO Y LA EDUCACION CONTINUADA.

PRESTARA APOYO A LAS ENTIDADES TERRITORIALES EN LA PLANEACION, EL DISEÑO, EJECUCION Y EVALUACION DE PROGRAMAS DE CAPACITACION  SEGUN LA DEMANDA DE LAS INSTITUCIONES.

BRINDARA LAS ACCIONES DE ASESORIA Y CONSULTORIA REQUERIDAS POR TODOS LOS NIVELES DE LAS ENTIDADES TERRITORIALES , PARA ASUMIR LAS NUEVAS RESPONSABILIDADES ASIGNADAS POR LA CONSTITUCION Y LA MODERNIZACION DE LA ADMINISTRACION DE LO PUBLICO.

ESTARA PRESENTE EN EL ESCENARIO DE LOS GRANDES PROBLEMAS NACIONALES Y DIFUNDIRA SU PENSAMIENTO, PRODUCTO DE SUS INVESTIGACIONES"
2114,2114,ESCUELA NACIONAL DEL DEPORTE,Activa,805.001.868,Principal,Municipal,Oficial,Institución Universitaria/Escuela Tecnológica,Valle del Cauca,Santiago de Cali,Calle  9  34-01,566411,Decreto,Gobierno Nacional.,3115,21-12-1984,15,,www.endeporte.edu.co,N,,,,MISION
2206,2206,INSTITUTO DEPARTAMENTAL DE BELLAS ARTES,Activa,890.325.989-3,Principal,Departamental,Oficial,Institución Universitaria/Escuela Tecnológica,Valle del Cauca,Santiago de Cali,Avenida 2a. Norte  7N-28,4883030,Ordenanza,Asamblea Departamental del Valle,8,16-09-1936,4,1,www.bellasartes.edu.co,N,,,,MISION
2207,2207,INSTITUTO UNIVERSITARIO DE LA PAZ,Activa,800.024.581-3,Principal,Departamental,Oficial,Institución Universitaria/Escuela Tecnológica,Santander,Barrancabermeja,"Centro de Investigaciones Santa Lucia, Kim. 14, via Bucaramanga,",6025185,No informa,Gobernacion de Santander,331,19-11-1987,39,2,www.unipaz.edu.co,N,,,,"EL INSTITUTO UNIVERSITARIO DE LA PAZ ES UNA INSTITUCION DE EDUCACION SUPERIOR DE CARACTER PUBLICO, DEL ORDEN DEPARTAMENTAL, COMPROMETIDA CON EL DESARROLLO DE LA CULTURA Y LA CIENCIA, SIN PERDER DE VISTA LOS SABERES ACUMULADOS POR LAS COMUNIDADES, EN UN MARCO DE AUTONOMIA EXPRESADO EN LIBERTAD DE PENSAMIENTO Y PLURALISMO IDEOLOGICO, DE LIBERTAD DE ENSE?ANZA, DE APRENDIZAJE, DE INVESTIGACION Y DE CATEDRA. CONTRIBUYE AL DESARROLLO HUMANO, URBANO Y RURAL DEL MAGDALENA MEDIO Y DEL PAIS, ENTENDIDO ESTE COMO LA TRANSFORMACION DE LAS CONDICIONES ECONOMICAS, SOCIALES, POLITICAS Y CULTURALES DE LA POBLACION, FORMANDO MUJERES Y HOMBRES QUE CON DIGNIDAD, TRABAJEN POR LA PAZ EN ARMONIA CON LA NATURALEZA."
2208,2208,CONSERVATORIO DEL TOLIMA,Activa,890.700.906-0,Principal,Departamental,Oficial,Institución Universitaria/Escuela Tecnológica,Tolima,Ibagué,Calle 9  1-18,2613118,Ordenanza,Asamblea del Tolima.,42,10-12-1980,5,,www.conservatoriodeltolima.edu.co,S,02-08-2022,15157,4,"SERVIR A LA COMUNIDAD COMO CENTRO PERMANENTE DE CREACION, DESARROLLO, CONSERVACION Y DIFUSION DE LA CULTURA ARTISTICA, TANTO DE LA REGION, COMO DEL PAIS Y DEL MUNDO; MEDIANTE LA FORMACION DE UN PROFESIONAL INTEGRAL CON AMPLIOS CONOCIMIENTOS MUSICALES, HUMANISTICOS Y DOCENTES, CON ALTO SENTIDO ESTETICO, CAPAZ DE COMPROMETERSE CON EL DESARROLLO CULTURAL Y SOCIAL DE LA REGION Y DEL PAIS."
2209,2209,POLITECNICO COLOMBIANO JAIME ISAZA CADAVID,Activa,890.980.136-6,Principal,Departamental,Oficial,Institución Universitaria/Escuela Tecnológica,Antioquia,Medellín,Carrera 48  7-151,3105133,Decreto,Gobierno Departamental de Antioquia,33,27-01-1964,62,2,www.politecnicojic.edu.co,S,02-08-2022,15158,4,MISION
2211,2211,INSTITUCION UNIVERSITARIA BELLAS ARTES Y CIENCIAS DE BOLIVAR,Activa,890.480.308-0,Principal,Departamental,Oficial,Institución Universitaria/Escuela Tecnológica,Bolívar,Cartagena de Indias,Carrera 9 No.39-12,6600391,Ordenanza,Asamblea Departamental de Bolivar.,35,03-12-1990,6,1,www.unibac.edu.co,N,,,,
2301,2301,UNIDAD CENTRAL DEL VALLE DEL CAUCA,Activa,891.900.853-0,Principal,Municipal,Oficial,Institución Universitaria/Escuela Tecnológica,Valle del Cauca,Tuluá,Carrera 27 A No.48-144 Km.1 salida Sur Tulu¿,2242200,Acuerdo,Concejo Municipal de Tulua.,24,30-06-1971,33,,www.uceva.edu.co,N,,,,MISION
2302,2302,INSTITUCION UNIVERSITARIA DE ENVIGADO,Activa,811.000.278-2,Principal,Municipal,Oficial,Institución Universitaria/Escuela Tecnológica,Antioquia,Envigado,Cra. 27B N¿ 39 A sur 57,3391010,Acuerdo,Concejo Municipal de Envigado.,44,19-03-2007,42,2,www.iue.edu.co,S,29-06-2022,12511,4,
2701,2701,INSTITUCION UNIVERSITARIA COLEGIOS DE COLOMBIA - UNICOC,Activa,NO INFORMA,Principal,Fundación,Privado,Institución Universitaria/Escuela Tecnológica,"Bogotá, D.C.","Bogotá, D.C.",Carrera 9  13-40 Piso 4,6683535,Resolución,MINISTERIO DE EDUCACION NACIONAL.,1384,01-04-1975,24,1,www.odontologico.edu.co,N,,,,MISION
2702,2702,FUNDACION UNIVERSITARIA DE CIENCIAS DE LA SALUD,Activa,860051853-4,Principal,Fundación,Privado,Institución Universitaria/Escuela Tecnológica,"Bogotá, D.C.","Bogotá, D.C.",Carrera 19  8A-32,4375401,Resolución,MINISTERIO DE EDUCACION NACIONAL.,10917,01-12-1976,89,2,www.fucsalud.edu.co,S,11-01-2024,106,6,"LA FUNDACI¿N UNIVERSITARIA DE CIENCIAS DE LA SALUD ES UNA INSTITUCI¿N, QUE ASUME CON RESPONSABILIDAD LA FORMACI¿N INTEGRAL DE PROFESIONALES ID¿NEOS A NIVEL DE PREGRADO Y FORMACI¿N AVANZADA EN LOS CAMPOS DE LA T¿CNICA, LA CIENCIA Y LA TECNOLOG¿A; FUNDAMENTADA EN LOS PRINCIPIOS DE EXCELENCIA CIENT¿FICA, SENTIDO ¿TICO, MORAL, HUMAN¿STICO Y EL DESARROLLO DE CAPACIDADES DE LIDERAZGO, EFICIENCIA Y PROYECCI¿N SOCIAL, ESTIMULANDO LA INVESTIGACI¿N CIENT¿FICA QUE PERMITA EL AN¿LISIS OBJETIVO Y RACIONAL DE LOS PROBLEMAS DE LA COMUNIDAD Y DESARROLLE PROPUESTAS PARA MEJORAR EL ENTORNO Y LA CALIDAD DE VIDA."
2704,2704,COLEGIO DE ESTUDIOS SUPERIORES DE ADMINISTRACION-CESA-,Activa,860.045.740,Principal,Fundación,Privado,Institución Universitaria/Escuela Tecnológica,"Bogotá, D.C.","Bogotá, D.C.",Calle 35 No. 6-16,3395300,Resolución,MINISTERIO DE EDUCACION NACIONAL.,5157,29-08-1975,13,,www.cesa.edu.co,S,20-02-2024,1440,8,"FORMAR LOS MEJORES LIDERES EMPRESARIALES CAPACES DE GENERAR VALOR PARA SUS EMPRESAS, CON ESPIRITU EMPRENDEDOR, CREATIVOS, ETICOS Y COMPROMETIDOS CON LA GENERACION DE DESARROLLO ECONOMICO, SOCIAL Y POLITICO DE ACUERDO CON LOS VALORES QUE PROFESA EL CESA PARA QUE COLOMBIA SEA UNA NACION COMPETITIVA, JUSTA Y QUE VIVA EN PAZ,"
2707,2707,FUNDACIÓN UNIVERSITARIA JUAN N. CORPAS,Activa,860.038.374-4,Principal,Fundación,Privado,Institución Universitaria/Escuela Tecnológica,"Bogotá, D.C.","Bogotá, D.C.",Carrera 111 No. 159 A 61 (Av. Corpas Km. 3 Suba),6813085,Resolución,MINISTERIO DE EDUCACION NACIONAL.,2105,29-03-1974,14,,www.juancorpas.edu.co,S,27-09-2021,18142,6,"LA ESCUELA DE MEDICINA J.N. CORPAS, TENDRA COMO FINALIDAD EN EL DESARROLLO DE SUS ACTIVIDADES COMO INSTITUCION UNIVERSITARIA DE EDUCACION SUPERIOR, ESPECIALIZADA EN LOS CAMPOS DE LA MEDICINA Y SALUD HUMANA, CON CRITERIO DE UNIVERSALIDAD, SENTIDO SOCIAL Y ESPIRITU ECOLOGISTA, LA REALIZACION DE INVESTIGACION CIENTIFICA Y TECNOLOGICA; LA FORMACION ACADEMICA EN PROFESIONES, DISCIPLINAS Y OCUPACIONES AFINES Y LA PRODUCCION, DESARROLLO Y TRASMISION DEL CONOCIMIENTO Y DE LA CULTURA UNUVERSAL Y NACIONAL. IGUALMENTE ADELANTARA PROGRAMAS AVANZADOS Y DE ESPECIALIZACION, MAESTRIA, DOCTORADO Y POSDOCTORADO DE CONFORMIDAD CON LA LEY.
LA CONDUCTA DE SUS MIEMBROS SE REGIRA POR EL DEBIDO RESPETO Y REVERENCIA PORT LA VIDA EN TODAS SUS MANIFESTACIONES, ESPECIALMENTE DE LA VIDA HUMANA; LA CONSIDERACION DEL INDIVIDUO COMO PERSONA; LA DIFUSION DE LA CULTURA; LA FORMACION ETICA Y CIVICA; EL ACATAMIENTO DE LAS LEYES Y LA MORAL SOCIALMENTE ACEPTADA; EL RECHAZO POR TODAS LAS FORMAS DE VIOLENCIA Y LA BUSQUEDA DE LA ARMONIA SOCIAL. TAMBIEN SE PROCURARA EL RECONOCIMIENTO DE LOS MERITOS, ESFUERZOS Y APORTES QUE BENEFICIEN A LA ENTIDAD, ASI COMO POR GENERAR ESTIMULOS PARA LA SUPERACION PERSONAL Y COLECTIVA"
2708,2708,UNIVERSIDAD CES,Activa,890.984.002-6,Principal,Fundación,Privado,Universidad,Antioquia,Medellín,Calle 10A  22-04,4440555,Resolución,MINISTERIO DE EDUCACION NACIONAL.,11154,04-08-1978,133,5,www.ces.edu.co,S,09-12-2019,13602,6,"EL INSTITUTO DE CIENCIAS DE LA SALUD CES ES UNA ENTIDAD EDUCATIVA AUTÓNOMA DE CARÁCTER PRIVADO NO CONFESIONAL, SIN ÁNIMO DE LUCRO QUE BUSCA LA FORMACIÓN DE PROFESIONALES EN PRE Y POSTGRADO EN EL ÁREA DE LA SALUD, CON LAS MÁS ALTAS CUALIDADES HUMANAS, ÉTICAS Y CIENTÍFICAS. CAPACES DE DAR ATENCIÓN INTEGRAL AL INDIVIDUO, LA FAMILIA Y LA SOCIEDAD ACTUANDO EN LA PROMOCIÓN, PREVENCIÓN Y SOLUCIÓN DE SUS PROBLEMAS DE SALUD. EJERCER UNA FUNCIÓN DE LIDERAZGO EN EL SECTOR SALUD EN EL ENTORNO SOCIAL. PARA LOGRARLO MANTENDRÁ UNA ACTUALIZACIÓN DINÁMICA DEL CURRICULLUM QUE PROPICIE LA AUTOFORMACIÓN Y LA INNOVACIÓN PERMANENTE. EL INSTITUTO SE COMPROMETE A DESARROLLAR UNA ACTIVIDAD INVESTIGATIVA QUE PROMUEVA EL AVANCE DEL CONOCIMIENTO PARA BENEFICIO DEL SER HUMANO Y SU ENTORNO. IGUALMENTE EL INSTITUTO BUSCA PRESTAR SERVICIOS ASISTENCIALES DE SALUD, DE ALTA CALIDAD HUMANA Y CIENTIFICA A LA COMUNIDAD, A TRAVÉS DE SUS INSTITUCIONES Y DE CONVENIOS DOCENTE ASISTENCIALES."
2709,2709,FUNDACION UNIVERSITARIA SAN MARTIN,Activa,860.503.634-9,Principal,Fundación,Privado,Institución Universitaria/Escuela Tecnológica,"Bogotá, D.C.","Bogotá, D.C.",Carrera 18 No. 80-45,5301001,Resolución,MINISTERIO DE EDUCACION NACIONAL.,12387,18-08-1981,26,2,www.sanmartin.edu.co,N,,,,MISION
2710,2710,FUNDACION UNIVERSITARIA MONSERRATE -UNIMONSERRATE,Activa,860.513.077-9,Principal,Fundación,Privado,Institución Universitaria/Escuela Tecnológica,"Bogotá, D.C.","Bogotá, D.C.",Calle 72  11-41,2494959,Resolución,MINISTERIO DE EDUCACION NACIONAL.,1381,03-02-1983,20,,www.unimonserrate.edu.co,N,,,,"LA FUNDACIÓN UNIVERSITARIA MONSERRATE AL SER INSTITUCIÓN DE EDUCACIÓN SUPERIOR, DE CARÁCTER PRIVADO, DE ORIENTACIÓN CATÓLICA, DIRIGIDA POR LA SOCIEDAD DE LAS HIJAS DEL CORAZÓN DE MARÍA SE COMPROMETE CON LA FORMACIÓN DE PROFESIONALES, MUJERES Y HOMBRES, EN EL CAMPO DE LAS CIENCIAS SOCIALES, LA EDUCACIÓN Y OTRAS DISCIPLINAS, Y PROPENDE POR LA APROPIACIÓN Y PRODUCCIÓN DE CONOCIMIENTOS Y LA TRANSFORMACIÓN DE LA SOCIEDAD Y LA CULTURA DEL PAÍS, AL SERVICIO DEL DESARRROLLO INTEGRAL DE LA PERSONA, LA FAMILIA Y LA COMUNIDAD, DE ACUERDO CON LOS DIFERENTES CONTEXTOS Y EN FUNCIÓN DE LOS DASAFÍOS DE LOS TIEMPOS."
2711,2711,UNIVERSIDAD CATOLICA DE PEREIRA,Activa,891.408.261-1,Principal,Fundación,Privado,Universidad,Risaralda,Pereira,Avenida de las Am¿ricas Cra. 21  49-95,3124000,Resolución,MINISTERIO DE EDUCACION NACIONAL.,10918,01-12-1976,35,1,www.ucp.edu.co,N,,,,"LA UNIVERSIDAD CATOLICA POPULAR DEL RISARALDA ES UNA INSTITUCION PRIVADA INSPIRADA EN LOS PRINCIPIOS DE LA FE CATOLICA QUE SE ESFUERZA POR SER APOYO PARA QUE EL ESTUDIANTE LLEGUE A SER GENTE, GENTE DE BIEN Y PROFESIONALMENTE CAPAZ.

COMO INSTITUCION EDUCATIVA SUS CAMPOS DE ACCION SON LA CIENCIA, LA TECNOLOGIA, EL ARTE Y LA CULTURA. PARA SU DESARROLLO SE COMPROMETE CON LA BUSQUEDA PERMANENTE DE LA EXCELENCIA ACADEMICA ATRAVEZ DE LA DOCENCIA INSVESTIGACION Y EXTENSION.

GUIADOS POR SUS PRINCIPIOS PROPENDE POR LA FORMACION INTEGRAL DE SUS ESTUDIANTES Y POR ORGANIZAR UN AMBIENTE DE PARTICIPACION Y DE EXSALTACION POR EL RESPETO DE LA DIGNIDAD HUMANA, DE REAFIRMACION DE LOS VALORES DE LA DEMOCRACIA Y LA BUSQUEDA DEL BIEN.

SE PROPONE SER FUENTE Y REFERENCIA DEL CONOCIMEINTO SOBRE EL DESARROLLO DE LA COMUNIDAD Y LA REGION.

MEDIANTE LOS PROGRAMAS DE INVESTIGACION Y EXTENSION ATIENDE LAS NECESIDADES DE LA COMUNIDAD PARA CONTRIBUIR AL DESARROLLO, EL BIENESTRAR Y EL MEJORAMIENTO EN LA CALIDAD DE VIDA.

SOMOS UNA COMUNIDAD UNIVERSITARIA QUE ASUME CON SERIEDAD SUS RESPONSABILIDADES DE CAPACITACION Y ACTUALIZACION PERMANTE DE SUS DOCENTES Y EMPLEADOS. NOS COMPROMETEMOS CON UNA PROPUESTA PEDAGOGICA QUE GARANTICE EN LA ACTIVIDAD DOCENTE Y EN TODAS NUESTRAS ACTIVIDADES ACADEMICAS EL CUMPLIMIENTO DE NUESTROS OBJETIVOS, METAS Y VALORES.

PARA EL LOGRO DE LA EXCELENCIA ACADEMICA Y EL CUMPLIMIENTO DE SUS RESPONSABILIDADES CON LA COMUNIDAD LA UNIVERSIDAD FOMENTA PROGRAMAS DE DESARROLLO DOCENTE Y ADMINISTRATIVO Y PROPICIA LAS CONDICIONES PARA QUE SUS DIRECTIVOS, DOCENTES  Y DEMAS FUNCIONARIOS APROPIEN Y ASIMILEN SU PROYECTO PERSONAL DE VIDA CON EL DE LA INSTITUCION."
2712,2712,FUNDACION UNIVERSITARIA KONRAD LORENZ,Activa,860.504.759-5,Principal,Fundación,Privado,Institución Universitaria/Escuela Tecnológica,"Bogotá, D.C.","Bogotá, D.C.",Carrera 9 Bis  62-43,3472311,Resolución,MINISTERIO DE EDUCACION NACIONAL.,18537,04-11-1981,24,,www.konradlorenz.edu.co,S,08-04-2022,5311,6,"LA MISION INSTITUCIONAL
LA FUNDACION UNIVERSITARIA KONRAD LORENZ ES UNA ENTIDAD DE EDUCACION SUPERIOR, SIN ANIMO DE LUCRO, DEDICADA A LA GENERACION, ENSEÑANZA Y DIFUSION DEL CONOCIMIENTO CIENTIFICO Y CULTURAL; ESTA ABIERTA A LAS PRINCIPALES CORRIENTES DEL PENSAMIENTO Y DEL CONOCIMIENTO UNIVERSAL Y DESARROLLA Y PROMUEVE LA INVESTIGACION CON LA FINALIDAD DESINTERESADA DE CONOCER LA VERDAD Y CON EL PROPOSITO DE ENCONTRAR FORMAS Y PROCEDIMIENTOS VALIDOS PARA LA SOLUCION DE LOS PROBLEMAS SOCIALES DE NUESTRO PAIS."
2713,2713,FUNDACION UNIVERSITARIA LOS LIBERTADORES,Activa,860507903-3,Principal,Fundación,Privado,Institución Universitaria/Escuela Tecnológica,"Bogotá, D.C.","Bogotá, D.C.",Carrera 16  63A-68,2544750,Resolución,MINISTERIO DE EDUCACION NACIONAL,7542,18-05-1982,65,,https://www.ulibertadores.edu.co,S,05-08-2022,15638,4,"ES LA FORMACI¿N INTEGRAL DE SUS MIEMBROS  CON S¿LIDOS CONOCIMIENTOS CIENT¿FICOS Y PROFESIONALES; PERSONAS CREATIVAS, GENERADORAS DE DESARROLLO CIENTIF¿CO, EMPRESARIAL, CULTURAL Y DE GRAN CAPACIDAD DE SERVICIO COMO AGENTES DE CAMBIO, CON PROFUNDO SENTIDO DE JUSTICIA Y SOLIDARIDA HUMANA, AMOR  POR LOS VALORES DE LA NACIONALIDAD Y ACTITUD ¿TICA EN EL EJERCICIO DE SU PROFESI¿N"
2715,2715,FUNDACION UNIVERSITARIA DE POPAYAN,Activa,891.501.835-6,Principal,Fundación,Privado,Institución Universitaria/Escuela Tecnológica,Cauca,Popayán,Los Robles Km.. 8 vía al Sur,8238025,Resolución,MINISTERIO DE EDUCACION NACIONAL.,10161,28-06-1983,28,,www.fup.edu.co,N,,,,"CONTRIBUIR A LA FORMACIÓN INTEGRAL DE SERES HUMANOS QUE COMPROMETASN SUS ESFUERZOS EN EL DESARROLLO SOSTENIBLE DE LA REGIÓN Y DEL PAÍS, SOBRE LA BASE DEL RESPETO MUTUO, LA PRACTICA DE LOS VALORES Y DE LA ÉTICA."
2716,2716,INSTITUTO UNIVERSITARIO DE HISTORIA DE COLOMBIA,Inactiva,899999326-5,Principal,Fundación,Privado,Institución Universitaria/Escuela Tecnológica,"Bogotá, D.C.","Bogotá, D.C.",Calle 10 8-95,2825336,Resolución,MINISTERIO DE EDUCACION NACIONAL.,9419,16-06-1983,,,No disponible,N,,,,MISION
2717,2717,"FUNDACION UNIVERSITARIA DE GARCIA ROVIRA,NORTE Y GUTIERREZ",Inactiva,* *,Principal,Fundación,Privado,Institución Universitaria/Escuela Tecnológica,Santander,Málaga,Ciudad Universitaria-Malaga,607353,Resolución,MINISTERIO DE EDUCACION NACIONAL.,11815,07-08-1982,,,1,N,,,,MISION
2719,2719,UNIVERSIDAD CATÓLICA LUIS AMIGÓ,Activa,890.985.189-9,Principal,Fundación,Privado,Universidad,Antioquia,Medellín,Transversal  51A  67B - 90,4487666,Resolución,MINISTERIO DE EDUCACION NACIONAL.,17701,09-11-1984,97,6,www.ucatolicaluisamigo.edu.co,N,,,,"LA FUNDACI¿N UNIVERSITARIA LUIS AMIG¿ ES UNA INSTITUCI¿N CAT¿LICA DE CAR¿CTER PRIVADO, SIN ¿NIMO DE LUCRO Y NATURALEZA AUT¿NOMA, QUE PRESTA UN SERVICIO P¿BLICO CULTURAL EN EDUCACI¿N SUPERIOR, CON METODOLOG¿AS PRESENCIALES, SEMIPRESENCIALES Y A DISTANCIA.  CREADA Y DIRIGIDA POR LA CONGREGACI¿N DE RELIGIOSOS TERCIARIOS CAPUCHINOS DE NUESTRA SE¿ORA DE LOS DOLORES DE LA PROVINCIA DE SAN JOS¿, COMO CENTRO HUMAN¿STICO CRISTIANO, PARA LA GENERACI¿N, CONSERVACI¿N Y COMUNICACI¿N DEL CONOCIMIENTO CIENT¿FICO, TECNOL¿GICO Y CULTURAL, EN LA PERSPECTIVA DE INTERVENIR LA PROBLEM¿TICA QUE AFECTA LA CALIDAD DE VIDA DE LA NI¿EZ Y DE LA JUVENTUD, DE LA FAMILIA Y DE LA SOCIEDAD; Y PARA EL FOMENTO DE LA ¿TICA, LA PARTICIPACI¿N, LA SOLIDARIDAD, LA AUTOGESTI¿N, LA CONVIVENCIA ARM¿NICA Y LA JUSTICIA SOCIAL, POR MEDIO DE LA FORMACI¿N DE PROFESIONALES CON AUTONOM¿A INTELECTUAL, SOCIAL Y ¿TICA, CAPACES DE INSCRIBIR SU OBJETO DE FORMACI¿N EN EL CONTEXTO DE LA INTERDISCIPLINARIDAD DE LA CIENCIA."
2720,2720,FUNDACION UNIVERSITARIA JUAN DE CASTELLANOS,Activa,800057330 -3,Principal,Fundación,Privado,Institución Universitaria/Escuela Tecnológica,Boyacá,Tunja,Carrera 11 11-16,7470333,Resolución,MINISTERIO DE EDUCACION NACIONAL,2085,24-03-1987,45,,www.jdc.edu.co,N,,,,MISION
2721,2721,FUNDACION UNIVERSITARIA MARIA CANO,Activa,800.036.781-1,Principal,Fundación,Privado,Institución Universitaria/Escuela Tecnológica,Antioquia,Medellín,Calle 56  41-90,4025500,Resolución,MINISTERIO DE EDUCACION NACIONAL,17996,17-11-1987,46,2,www.fumc.edu.co,N,,,,"LA FUNDACION UNIVERSITARIA MARIA CANO ES UNA INSTITUCION DE EDUCACION SUPERIOR ENMARCADA EN LOS FUNDAMENTOS DEL DESARROLLO HUMANO Y EMPEÑADA EN FORMAR PROFESIONALES CAPACES DE CREAR, MEJORAR Y ADMINISTRAR ESTRUCTURAS QUE LES PERMITAN REAFIRMAR LOS VALORES MORALES, CULTURALES, CIENTIFICOS Y TECNOLOGICOS QUE REQUIERE EL PAIS, LIDERADOS POR UN EQUIPO HUMANO CUALIFICADO, IDONEO Y COMPROMETIDO.

ES POR ESTO, QUE SUSTENTA SUS PROGRAMAS EN TRES EJES FUNDAMENTALES:  LA FORMACION HUMANA, LA CREACION Y DESARROLLO DEL SABER Y EL COMPROMISO DE SERVICIO A LA SOCIEDAD, CON MIRAS A SATISFACER LAS NECESIDADES INDIVIDUALES Y COLECTIVAS QUE PERMITAN LA CUALIFICACION DE SUS AGENTES A TRAVES DEL &quot;EDUCAR PARA LO SUPERIOR&quot;."
2722,2722,FUNDACION CENTRO UNIVERSITARIO DE BIENESTAR RURAL,Activa,800053190-0,Principal,Fundación,Privado,Institución Universitaria/Escuela Tecnológica,Cauca,Puerto Tejada,Vereda Periconegro,,Resolución,MINISTERIO DE EDUCACION NACIONAL,9111,11-07-1988,,,www.cubr.edu.co,N,,,,MISION
2723,2723,FUNDACION UNIVERSITARIA AGRARIA DE COLOMBIA -UNIAGRARIA-,Activa,860531081-5,Principal,Fundación,Privado,Institución Universitaria/Escuela Tecnológica,"Bogotá, D.C.","Bogotá, D.C.",Calle 170 No. 54 A -10,6671515,Resolución,MINISTERIO DE EDUCACION NACIONAL.,2599,13-03-1986,24,,www.uniagraria.edu.co,N,,,,"UNIAGRARIA ES UNA INSTITUCION DE EDUCACION SUPERIOR QUE FORMA INTEGRALMENTE PERSONAS LIDERES, ETICAS, PROFESIONALES, EMPRENDEDORAS Y COMPROMETIDAS CON EL BIENESTAR DE LAS COMUNIDADES NACIONALES E INTERNACIONALES, MEDIANTE LA CREACION Y DIFUSION GRADUAL DE CONOCIMIENTOS A TRAVES DE LA INVESTIGACION, LA DOCENCIA, LA EDUCACION CONTINUA Y LA EXTENSION.

UNIAGRARIA ALIENTA A TODOS SUS MIEMBROS A ACTUAR CON HUMANISMO, DISCIPLINA, RESPETO, DEDICACION Y EXCELENCIA COMO REQUISITOS INDISPENSABLES PARA EL EJERCICIO DE LA LIBERTAD, LA CREATIVIDAD Y LA PARTICIPACION EN LA CONSTRUCCION DE UNA SOCIEDAD RESPONSABLE, PACIFICA, JUSTA, ABIERTA Y DEMOCRATICA.

UNIAGRARIA CONTRIBUYE AL DESARROLLO ECONOMICO Y SOCIAL; AL FOMENTO DEL ESPIRITU EMPRESARIAL Y SOLIDARIO; AL MEJORAMIENTO DEL SECTOR AGRARIO; A LA CONSERVACION DEL MEDIO AMBIENTE; AL USO ADECUADO DE LOS RECURSOS NATURALES; AL AFIANZAMIENTO DE LA CULTURA Y AL BIENESTAR DE LA SOCIEDAD COLOMBIANA."
2724,2724,FUNDACION UNIVERSITARIA DE SAN GIL - UNISANGIL -,Activa,800.152.840-4,Principal,Fundación,Privado,Institución Universitaria/Escuela Tecnológica,Santander,San Gil,Km. 2  via San Gil - Charal¿,7245757,Resolución,MINISTERIO DE EDUCACION NACIONAL,10989,18-10-1991,39,5,www.unisangil.edu.co,N,,,,MISION
2725,2725,POLITECNICO GRANCOLOMBIANO,Activa,860.078.643-1,Principal,Fundación,Privado,Institución Universitaria/Escuela Tecnológica,"Bogotá, D.C.","Bogotá, D.C.",Calle 57  3-00 Este,7455555,Resolución,MINISTERIO DE EDUCACION NACIONAL,19349,04-11-1980,111,,www.poli.edu.co,N,,,,"EL POLIT¿CNICO GRANCOLOMBIANO ES UNA FUNDACI¿N PRIVADA SIN ¿NIMO DE LUCRO, CON EL CARACTER DE INSTITUCI¿N UNIVERSITARIA. COMO COMUNIDAD MODERNA, PLURALISTA Y DEMOCR¿TICA, SE FUNDAMENTA EN LOS VALORES DE LA ¿TICA, LA LIBERTAD, EL RESPETO Y LA CONVIVENCIA. DESEMPE¿A LA FUNCI¿N QUE LE COMPETE CON UNA CLARA CONCIENCIA DE RESPONSABILIDAD SOCIAL Y CON LA AUTONOM¿A QUE LA CONSTITUCI¿N Y LAS LEYES LE OTORGAN.

EL COMPROMISO DEL POLIT¿CNICO GRANCOLOMBIANO ES LA FORMACI¿N DEL TALENTO HUMANO CAPAZ DE INFLUIR POSITIVAMENTE EN EL DESARROLLO Y TRANSFORMACI¿N DE LA ORGANIZACI¿N EMPRESARIAL, A TRAV¿S DE PROGRAMAS DE EDUCACI¿N FORMAL. CONTINUADA Y AVANZADA.

EN SU PROPOSITO DE ALCANZAR LA EXCELENCIA ACAD¿MICA, EL POLIT¿CNICO GRANCOLOMBIANO FORTALECE EL PROCESO DE ENSE¿ANZA-APRENDIZAJE Y LA INVESTIGACI¿N APLICADA A LA PROYECCI¿N HACIA LA COMUNIDAD, FACILITANDO A LOS ESTUDIANTES, DOCENTES, Y DIRECTIVOS, LA CONSTRUCCI¿N TRANSFORMACI¿N Y EVALUACI¿N DEL CONOCIMIENTO; AS¿ COMO LAS CAPACIDADES DE LIDERAZGO PARA PARTICIPAR EN UN ENTORNO CARACTERIZADO POR EL DESARROLLO SOSTENIBLE, LA GLOBALIZACI¿N, LA COMPETITIVIDAD Y LOS AVANCES TECNOL¿GICOS"
2727,2727,FUNDACION UNIVERSITARIA-CEIPA-,Activa,890910961-7,Principal,Fundación,Privado,Institución Universitaria/Escuela Tecnológica,Antioquia,Sabaneta,Calle 77 sur No. 40 -165,3056100,Resolución,MINISTERIO DE EDUCACION NACIONAL.,6266,04-05-1983,51,,www.ceipa.edu.co,S,21-01-2022,679,4,
2728,2728,FUNDACION UNIVERSITARIA DEL AREA ANDINA,Activa,860.517.302-1,Principal,Fundación,Privado,Institución Universitaria/Escuela Tecnológica,"Bogotá, D.C.","Bogotá, D.C.",Clle 71 No. 13-21,3458443,Resolución,MINISTERIO DE EDUCACION NACIONAL.,22215,09-12-1983,95,,https://www.areandina.edu.co/,S,01-08-2025,16465,6,MISION
2730,2730,FUNDACIÓN UNIVERSITARIA ESCUELA COLOMBIANA DE REHABILITACIÓN,Activa,830.011.184-5,Principal,Fundación,Privado,Institución Universitaria/Escuela Tecnológica,"Bogotá, D.C.","Bogotá, D.C.",Avenida Cra. 15   151-68,6270649,Resolución,MINISTERIO DE EDUCACION NACIONAL.,5090,03-11-1995,13,,www.ecr.edu.co,N,,,,MISION
2731,2731,FUNDACION UNIVERSITARIA CATOLICA LUMEN GENTIUM - UNICATÓLICA - CALI,Activa,800.185.664-6,Principal,Fundación,Privado,Institución Universitaria/Escuela Tecnológica,Valle del Cauca,Santiago de Cali,Carrera 122  12 - 459 Pance,5552767,Resolución,MINISTERIO DE EDUCACION NACIONAL.,944,19-03-1996,29,2,www.unicatolica.edu.co,N,,,,MISION
2732,2732,FUNDACION UNIVERSITARIA CATOLICA DEL NORTE,Activa,811.010.001-2,Principal,Fundación,Privado,Institución Universitaria/Escuela Tecnológica,Antioquia,Santa Rosa de Osos,Carrera 21  34B -  07,8609822,Resolución,MINISTERIO DE EDUCACION NACIONAL.,1671,20-05-1997,37,8,www.ucn.edu.co,N,,,,"GENERA Y TRASMITE EL CONOCIMIENTO CIENTÍFICO, TECNOLÓGICO, PEDAGÓGICO Y CULTURAL MEDIANTE LA APLICACIÓN DE TECNOLOGÍA A TRAVÉS DE LA MODALIDAD VIRTUAL, FORMANDO PROFESIONALES CON SENTIDO CRISTIANO, LIDERAZGO SOCIAL  Y EMPRESARIAL QUE POSIBILITA SOLUCIÓN A LAS NECESIDADES DE LA REGIÓN."
2733,2733,FUNDACIÓN UNIVERSITARIA SAN ALFONSO- FUSA-,Activa,830.081.981 -8,Principal,Fundación,Privado,Institución Universitaria/Escuela Tecnológica,"Bogotá, D.C.","Bogotá, D.C.",Calle 37  22 - 47,2445053,Resolución,MINISTERIO DE EDUCACION NACIONAL.,3296,07-12-2000,8,,www.fusa.edu.co,N,,,,"LA FUNDACIÓN UNIVERSITARIA SAN ALFONSO ES UNA INSTITUCIÓN UNIVERSITARIA DE EDUCACIÓN SUPERIOR BASADA EN UNA CONCEPCIÓN CRISTIANA DE LA CULTURA, DE LA CIENCIA Y DE LA VERDAD. ESTE QUEHACER FUNDAMENTAL IMPLICA QUE :
1. SU VOCACIÓN SE CONSAGRA A LA INVESTIGACIÓN, A LA ENSEÑANZA Y A LA FORMACIÓN DE SUS ESTUDIANTES LIBREMENTE REUNIDOS CON SUS MAESTROS, ANIMADOS TODOS POR EL MISMO AMOR AL SABER.
2. SU ACTUAR PERMITA COMPARTIR CON TODAS LAS DEMÁS INSTITUCIONES DE EDUCACÓN SUPERIOR LA EXIGENCIA DE BUSCAR LA VERDAD, DE DESCUBRIRLA Y DE COMUNICARLA EN TODOS LOS CAMPOS DEL CONOCIMIENTO.3
3. SU TAREA PRIVILEGIADA SEA LA DE &quot; UNIFICAR EXISTENCIALMENTE EN EL TRABAJO INTELECTUAL DOS ÓRDENES DE REALLIDADES QUE CON FRECUENCIA SE OPONEN COMO SI FUÉSEN ANTITÉTICAS: LA BÚSQUEDA DE LA VERDAD Y LA CERTEZA DE CONOCER YA LA FUENTE DE LA VERDAD&quot;.
4. SU BUSQUEDA PERMANENTE DE LA VERDAD LE PERMITE INCLUIR LA DIMENSIÓN MORAL, ESPIRITUAL Y RELIGIOSA Y VALORAR LAS CONQUISTAS DE LA CIENCIA Y LA TECNOLOGÍA EN LA PERSPECTIVA DE GARANTIZAR QUE LOS NUEVOS DESCUBRIMIENTOS SEAN USADOS PARA EL AUTENTICO BIEN DE CADA PERSONA HUMANA Y DEL CONJUNTO DE LA SOCIEDAD."
2736,2736,FUNDACION UNIVERSITARIA SEMINARIO BIBLICO DE COLOMBIA - FUSBC,Activa,811.026.923,Principal,Fundación,Privado,Institución Universitaria/Escuela Tecnológica,Antioquia,Medellín,Calle 76 No. 87 - 14,2640303,Resolución,MINISTERIO DE EDUCACION NACIONAL,3298,07-12-2000,3,,www.unisbc.edu.co,N,,,,
2728,2737,FUNDACION UNIVERSITARIA DEL AREA ANDINA,Activa,860.517.302-1,Seccional,Fundación,Privado,Institución Universitaria/Escuela Tecnológica,Risaralda,Pereira,Calle 24 No.8-55,3339560,Resolución,MINISTERIO DE EDUCACION NACIONAL.,22215,09-12-1983,28,,https://www.areandina.edu.co/,S,01-08-2025,16465,6,"LA FUNDACI¿N UNIVERSITARIA DEL ¿REA ANDINA ES UNA INSTITUCI¿N DE EDUCACI¿N SUPERIOR COMPROMETIDA CON LA FORMACI¿N INTEGRAL Y PERMANENTE DE PERSONAS, CON VISI¿N EMPRENDEDORA, HUMANISTA Y SOCIAL, MEDIANTE LA UTILIZACI¿N ADECUADA DE LA T¿CNICA, LA TECNOLOG¿A Y LA CIENCIA; PARA DAR RESPUESTA A LAS NECESIDADES DEL PA¿S Y LA SOCIEDAD DESDE UNA PERSPECTIVA CREATIVA E INVESTIGATIVA."
2738,2738,FUNDACION UNIVERSITARIA EMPRESARIAL DE LA CAMARA DE COMERCIO DE BOGOTA- UNIEMPRESARIAL,Activa,830.084.876.6,Principal,Fundación,Privado,Institución Universitaria/Escuela Tecnológica,"Bogotá, D.C.","Bogotá, D.C.",Carrera 33 A No.30-20,5082244,Resolución,MINISTERIO DE EDUCACION NACIONAL,598,02-04-2001,22,,www.uniempresarial.edu.co,N,,,,
2739,2739,FUNDACION DE ESTUDIOS SUPERIORES UNIVERSITARIOS DE URABA ANTONIO ROLDAN BETANCUR,Activa,811028521-1,Principal,Fundación,Privado,Institución Universitaria/Escuela Tecnológica,Antioquia,Apartadó,Carrera 111  101-64 Barrio Los Pinos,8286999,Resolución,MINISTERIO DE EDUCACION NACIONAL.,596,02-04-2001,12,1,www.fesu.edu.co,N,,,,
2740,2740,INSTITUCION UNIVERSITARIA COLOMBO AMERICANA - UNICA,Activa,830.088.283,Principal,Fundación,Privado,Institución Universitaria/Escuela Tecnológica,"Bogotá, D.C.","Bogotá, D.C.",Avenida 19  2-49 Piso 2,2811777,Resolución,MINISTERIO DE EDUCACION NACIONAL.,849,08-05-2001,4,,www.unica.edu.co,N,,,,
2741,2741,FUNDACION DE ESTUDIOS SUPERIORES - MONSEÑOR ABRAHAM ESCUDERO MONTOYA  - FUNDES,Activa,809008799-7,Principal,Fundación,Privado,Institución Universitaria/Escuela Tecnológica,Tolima,Espinal,Carrera 7  10-37,2485862,Resolución,MINISTERIO DE EDUCACION NACIONAL.,1495,23-07-2001,11,,www.fundes.edu.co,N,,,,"LA FUNDACIÓN UNIVERSITARIA DE EL ESPINAL-FUNDES, SE PROYECTA  COMO UNA INSTITUCIÓN  LÍDER EN EL DESARROLLO CIENTÍFICO, INVESTIGATIVO, PEDAGÓGICO Y HUMANÍSTICO, QUE VAYA A LA VANGUARDIA EN EL DIÁLOGO CIENCIA- FE Y EN LA FORMACIÓN  DE LÍDERES CON  ÓPTIMA  CALIDAD HUMANA  Y UNA CONCIENCIA INTEGRAL  DE LA REALIDAD, QUE NACEN DEL COMPROMISO CRISTIANO, ORGANIZACIONAL, ADMINISTRATIVO, INVESTIGATIVO, Y DE CONTINUA ACTUALIZACIÓN DIDÁCTICA DE LA INSTITUCIÓN, DESDE EL PROCESO ENSEÑANZA-APRENDIZAJE, TENIENDO EN CUENTA LA ENSEÑABILIDAD Y LA EDUCABILIDAD, QUE PERMITA A SUS EGRESADOS   SER ACTORES DINÁMICOS EN EL AMBIENTE SOCIAL DE LA REGIÓN Y DE COLOMBIA Y EN LOS PROCESOS DE BÚSQUEDA DE LA PROMOCIÓN HOLÍSTICA DEL HOMBRE, ENTENDIDO ÉSTE COMO PERSONA  CON DERECHOS Y DEBERES, CON NECESIDADES ESPECIFICAS Y GRANDES ASPIRACIONES  DE PROMOCIÓN HUMANA Y DE UN AMBIENTE DE PAZ, DE JUSTICIA, DE CONVIVENCIA, DE RESPETO Y DE OPORTUNIDADES EDUCATIVAS.

POR ESTO LA FUNDACIÓN UNIVERSITARIA DEL ESPINAL SERÁ PROTAGONISTA DESDE LA CIENCIA COMO RACIONALIZACIÓN Y DOMINIO DE LAS LEYES QUE RIGEN EL MUNDO;  DESDE LA FE COMO RESPUESTA A LA REVELACIÓN DIVINA;  DESDE LA PSICOPEDAGOGÍA, COMO FUNDAMENTACIÓN  DIDÁCTICA Y DESDE EL LIDERAZGO COMO EXPRESIÓN DEL SER Y EL HACER INSTITUCIONAL  Y DE SUS EGRESADOS."
2743,2743,UNIVERSIDAD INTERNACIONAL DEL TRÓPICO AMERICANO - UNITRÓPICO,Activa,844.002.071 -4,Principal,Departamental,Oficial,Universidad,Casanare,Yopal,Carrera 19  39 - 40,6320700,Resolución,MINISTERIO DE EDUCACION NACIONAL,1311,11-06-2002,34,,www.unitropico.edu.co,N,,,,
2744,2744,UNIVERSIDAD CESMAG - UNICESMAG,Activa,800109387-7,Principal,Fundación,Privado,Universidad,Nariño,Pasto,Carrera 20A  14-54,7206859,Resolución,MINISTERIO DE EDUCACION NACIONAL.,10735,26-06-1982,28,1,www.iucesmag.edu.co,N,,,,"EL CENTRO DE ESTUDIOS SUPERIORES MAR¿A GORETTI-CESMAG, COMO  INSTITUCI¿N CATOLICA, DE NIVEL UNIVERSITARIO, ORIENTADA POR LOS PRINCIPIOS DE LA PEDAGOGIA FRANCISCANO-CAPUCHINA, OFRECE FORMACION INTEGRAL, PERSONALIZANTE Y HUMANIZADORA A LA COMUNIDAD ESTUDIANTIL Y, FIEL AL PENSAMIENTO DE SU FUNDADOR, ABRE ESPACIOS EDUCATIVOS PREFERENTEMENTE A LOS MAS NECESITADOS, BUSCA LA FORMACION PROFESIONAL CON EXCELENCIA PARA QUE LA PERSONA EN SU DESEMPE¿O, INDUZCA EL DESARROLLO, TRANSFORMACION E INNOVACION DE LA SOCIEDAD.

SU ESTRUCTURA ADMINISTRATIVA SE CONSOLIDAR¿ EN UNA ORGANIZACI¿N FUNCIONAL DE JERARQUIZACI¿N, CONTINGENCIAL Y DE STAFF, CON NIVELES DE DESCENTRALIZACI¿N Y DELEGACI¿N QUE PERMITA UNA TOMA DE DECISIONES OPORTUNA Y ¿GIL A TRAV¿S DE UNA COMUNICACI¿N RESPONSABLE Y DIN¿MICA.

EL TALENTO HUMANO SE DESTACAR¿ POR LA CREATIVIAD, LA RESPONSABILIDAD, EL ESP¿RITU DE SERVICIO Y UN ALTO SENTIDO DE PERTENENCIA Y DE COMPROMISO CON LA FILOSOF¿A PERSONALIZANTE."
2745,2745,FUNDACIÓN UNIVERSITARIA COMPENSAR,Activa,860.506.140-6,Principal,Fundación,Privado,Institución Universitaria/Escuela Tecnológica,"Bogotá, D.C.","Bogotá, D.C.",Av. 32   17-30,3380606,Resolución,MINISTERIO DE EDUCACION NACIONAL.,23635,23-12-1981,113,,www.unipanamericana.edu.co,N,,,,MISION
2746,2746,FUNDACION UNIVERSITARIA SANITAS,Activa,830.113.458 - 6,Principal,Fundación,Privado,Institución Universitaria/Escuela Tecnológica,"Bogotá, D.C.","Bogotá, D.C.",Calle 170 # 08-41,5895377,Resolución,MINISTERIO DE EDUCACION NACIONAL,3015,23-12-2002,36,,www.unisanitas.edu.co,N,,,,"olreyes@unisanitas.edu.co
squebedo@unisanitas.edu.co"
2747,2747,INSTITUCIÓN UNIVERSITARIA VISIÓN DE LAS AMÉRICAS,Activa,890.985.417-3,Principal,Fundación,Privado,Institución Universitaria/Escuela Tecnológica,Antioquia,Medellín,Circular 73  35 -04,4114848,Resolución,MINISTERIO DE EDUCACION NACIONAL.,12998,12-08-1985,38,,www.uam.edu.co,N,,,,"FORMAR PERSONAS QUE COMPRENDAN EN PROFUNDIDAD LOS CAMBIOS Y TRANSFORMACIONES DE NUESTRA SOCIEDAD DESDE LA PERSPECTIVA DE LA INVESTIGACION Y LA GESTION, PARA QUE PUEDAN INCIDIR DE UNA MANERA CONSCIENTE Y PRECISA SOBRE LOS PROCESOS PROPIOS DE ELLA Y ASI PODER DAR SOLUCIONES RACIONALES, CREATIVAS Y REALES, CAPACES DE JALONAR PROCESOS QUE COMPROMETAN A LAS PERSONAS CON LOS RETOS QUE DIARIAMENTE SE NOS OFRECEN, DESDE LA ESPECIFICIDAD DE SUS SABERES HASTA LA INTERPRETACION  DE SU ENTORNO COMO SOCIEDAD, POTENCIANDO LA ETICA SOCIAL QUE IDENTIFIQUE AL PROFESIONAL EGRESADO DE LA INSTITUCION, COMO GENERADOR DE VALORES, COMPORTAMIENTOS, ACTITUDES Y APTITUDES FRENTE A SI MISMO, HACIA EL OTRO Y FRENTE A LOS GRUPOS SOCIALES."
2748,2748,FUNDACION UNIVERSITARIA SEMINARIO TEOLOGICO BAUTISTA INTERNACIONAL,Activa,805.027.579-1,Principal,Fundación,Privado,Institución Universitaria/Escuela Tecnológica,Valle del Cauca,Santiago de Cali,Carrera 56 (Av. Guadalupe)  1B-112,5132320,Resolución,MINISTERIO DE EDUCACION NACIONAL,1427,24-06-2003,4,,www.funibautista.edu.co,N,,,,
2749,2749,INSTITUCION UNIVERSITARIA  SALAZAR Y HERRERA,Activa,811028188-1,Principal,Fundación,Privado,Institución Universitaria/Escuela Tecnológica,Antioquia,Medellín,Carrera 70  52-49 Barrio Los Colores,4600700,Resolución,MINISTERIO DE EDUCACION NACIONAL.,1104,17-04-1997,34,,www.iush.edu.co,N,,,,"PARTICPAR EN LA CONSTRUCCI¿N   DE NUESTRA SOCIEDAD, CON BASE EN LOS PRINCIPIOS DE LS IGLESIA CAT¿LICA, LOGRANDO EL DESARROLLO HUMANOINTEGRAL DEL HOMBRE-PERSONA, A TRAV¿S DEL OFRECIMIENTO DEL SERVICIO EDUCATIVO FORMAL EN TODOS LOS NIVELES Y LOS SERVICIOS DE EDUCACI¿N Y FORMACI¿N CONTINUADA Y PERMANENTE.  LA B¿SQUEDA DEL CONOCIMIENTO Y DE LA VERDAD DE CRISTO, ILUMINAR¿N TODAS LAS ACCIONES PARA BIEN DELA COMUNIDAD LOCAL, REGIONAL Y NACIONAL.
* *"
2805,2805,UNIVERSIDAD SIMON BOLIVAR,Activa,890.104.633-9,Principal,Corporación,Privado,Universidad,Atlántico,Barranquilla,Carrera 59 No.59-92,3441265,Resolución,GOBERNACION DEL ATLANTICO.,1318,15-11-1972,145,1,www.unisimonbolivar.edu.co,S,25-08-2021,15867,8,NO INFORMA
2810,2810,CORPORACION UNIVERSIDAD DE LA COSTA CUC,Activa,890.104.530-9,Principal,Corporación,Privado,Universidad,Atlántico,Barranquilla,Calle 58  55-66,3440983,Resolución,GOBERNACION DEL ATLANTICO,352,23-04-1971,116,,www.cuc.edu.co,S,29-05-2023,8920,6,MISION
2811,2811,UNIVERSIDAD ESCUELA COLOMBIANA DE INGENIERIA JULIO GARAVITO,Activa,860.034.811,Principal,Corporación,Privado,Universidad,"Bogotá, D.C.","Bogotá, D.C.",AK 45  205-59 (Autopista Norte - Km.13),6683600,Resolución,MINISTERIO DE JUSTICIA.,86,19-01-1973,46,2,www.escuelaing.edu.co,S,16-01-2025,195,8,"LA ESCUELA COLOMBIANA DE INGENIERIA ES UNA INSTITUCION UNIVERSITARIA, CONSTITUIDA DE ACUERDO CON LA LEY COLOMBIANA, QUE TIENE COMO MISION LA FORMACION DE PERSONAS ALTAMENTE COMPETENTES EN SU CAMPO DE CONOCIMIENTO Y QUE ESTEN COMPROMETIDAS CON EL DESARROLLO ECONOMICO Y SOCIAL DE LA COMUNIDAD. DENTRO DE SU MISION LA ESCUELA INCLUYE EL DESARROLLO DE LOS CENTROS DE ESTUDIO QUE TENGAN EN LA INVESTIGACION EL NUCLEO DE SU ACTIVIDAD Y MANTENDRA UN PLAN PERMANENTE DE SERVICIOS A LA COMUNIDAD EN LOS CAMPOS DE SU COMPETENCIA."
2812,2812,UNIVERSIDAD EAN,Activa,860.026.058,Principal,Corporación,Privado,Universidad,"Bogotá, D.C.","Bogotá, D.C.",Carrera 11 No 78-47,5936160,Resolución,MINISTERIO DE JUSTICIA,2898,16-05-1969,144,,www.ean.edu.co,S,10-12-2021,23654,6,"CONTRIBUIR A LA FORMACION INTEGRAL DE LA PERSONA Y ESTIMULAR SU APTITUD EMPRENDEDORA, DE TAL FORMA QUE SU ACCION COADYUVE AL DESARROLLO ECONOMICO Y SOCIAL DE LOS PUEBLOS."
2813,2813,UNIVERSIDAD EIA,Activa,890.983.722-6,Principal,Corporación,Privado,Universidad,Antioquia,Envigado,Calle 23 AA Sur Nro. 5-200 variante aeropuerto Jos¿ Mar¿a C¿rdova,354 9090,Resolución,MINISTERIO DE EDUCACION NACIONAL,20120,12-11-1979,39,3,www.eia.edu.co,S,15-05-2024,7468,8,MISION
2815,2815,CORPORACION UNIVERSITARIA ADVENTISTA - UNAC,Activa,No Informa,Principal,Corporación,Privado,Institución Universitaria/Escuela Tecnológica,Antioquia,Medellín,Cra 84 No. 33 AA - 01,2508328,Resolución,MINISTERIO DE EDUCACION NACIONAL.,8529,06-06-1983,25,,www.unac.edu.co,N,,,,MISION
2818,2818,CORPORACION UNIVERSITARIA DE SANTA ROSA DE CABAL-UNISARC-,Activa,891.409.768-8,Principal,Corporación,Privado,Institución Universitaria/Escuela Tecnológica,Risaralda,Santa Rosa de Cabal,"Vereda el Jazmin kilometro 4 Via Santa Rosa de Cabal, Chinchina",643000,Resolución,MINISTERIO DE EDUCACION NACIONAL,6387,03-05-1982,12,,www.unisarc.edu.co,N,,,,MISION
2820,2820,CORPORACION UNIVERSITARIA LASALLISTA,Activa,890.984.812-5,Principal,Corporación,Privado,Institución Universitaria/Escuela Tecnológica,Antioquia,Caldas,Carrera  51  118 Sur-57,3000200,Resolución,MINISTERIO DE EDUCACION NACIONAL,9887,22-06-1983,27,,www.lasallista.edu.co,S,20-05-2024,7577,6,MISION
2822,2822,"ESCUELA SUPERIOR DE OFTALMOLOGIA, INSTITUTO BARRAQUER DE AMERICA",Activa,860.054.986-9,Principal,Corporación,Privado,Institución Universitaria/Escuela Tecnológica,"Bogotá, D.C.","Bogotá, D.C.","Avenida  Calle 100  18A - 51, Oficina 306",6449552,Resolución,MINISTERIO DE EDUCACION NACIONAL,1590,25-02-1977,1,,www.institutobarraquer.com,N,,,,"ES LA ENSE?ANZA DE LA CIENCIA OFTALMOLOGICA A LOS PROFESIONALES DE LA MEDICINA QUE HABIENDO CULMINADO SUS ESTUDIOS  Y OBTENIDO EL TITULO DE MEDICO CIRUJANO O EL EQUIVALENTE EN SU PAIS DE ORIGEN, DESEAN ESPECIALIZARSE EN OFTALMOLOGIA. 


* *"
2823,2823,CORPORACION UNIVERSITARIA DEL CARIBE - CECAR,Activa,892.201.263-1,Principal,Corporación,Privado,Institución Universitaria/Escuela Tecnológica,Sucre,Sincelejo,Carretera Troncal Occidente Vía Corozal,2804011,Resolución,MINISTERIO DE EDUCACION NACIONAL.,7786,05-06-1978,53,1,www.cecar.edu.co,N,,,,
2824,2824,CORPORACION UNIVERSITARIA DE COLOMBIA IDEAS,Activa,860.524.958,Principal,Corporación,Privado,Institución Universitaria/Escuela Tecnológica,"Bogotá, D.C.","Bogotá, D.C.",Calle 69  No. 10A-¿36,6061102,Resolución,MINISTERIO DE EDUCACION NACIONAL.,22185,18-12-1984,1,,www.ideas.edu.co,N,,,,MISION
2825,2825,CORPORACION UNIVERSITARIA RAFAEL NUÑEZ,Activa,890.481.276-8,Principal,Corporación,Privado,Institución Universitaria/Escuela Tecnológica,Bolívar,Cartagena de Indias,"Edificio Rafael Nuñez, Centro Calle de la Soledad No. 5-70",6607777,Resolución,MINISTERIO DE EDUCACION NACIONAL,6644,05-06-1985,22,,www.curn.edu.co,N,,,,"LA MISION ES FORMAR  INTEGRALMENTE  A LOS ESTUDIANTES Y DEMAS SUJETOS  QUE CONFORMAN LA COMUNIDAD EDUCATIVA, BAJO LOS PRINCIPIOS Y VALORES CIENTIFICOS, HUMANISTICO Y ETICOS DE LA MAS ALTA SIGNIFICACION  SOCIAL Y CULTURAL."
2827,2827,CORPORACION UNIVERSITARIA DEL META - UNIMETA,Activa,892.099.267-1,Principal,Corporación,Privado,Institución Universitaria/Escuela Tecnológica,Meta,Villavicencio,Carrera 33 No. 34-06 Edificio H¿roes del Pantano de Vargas,6681525,Resolución,MINISTERIO DE EDUCACION NACIONAL.,12249,05-08-1985,24,,www.unimeta.edu.co,N,,,,"LA CORPORACI¿N UNIVERSITARIA DEL META COMO INSTITUCI¿N QUE CREA, PRESERVA, TRANSMITE Y DIFUNDE EL CONOCIMIENTO UNIVERSAL DE LAS CIENCIAS, LAS ARTES Y LAS HUMANIDADES DENTRO DE UN MARCO DE PENSAMIENTO Y PLURALISMO IDEOL¿GICO, TIENE COMO MISI¿N EDUCAR Y FORMAR PROFESIONALES PARA EL DESARROLLO CIENT¿FICO, CULTURAL, POL¿TICO, ECON¿MICO Y SOCIAL DE LA REGI¿N Y LA NACI¿N, COMPETENTES EN SU CAMPO Y CON CARACTER¿STICAS DE VOCACI¿N DE SERVICIO A LA COMUNIDAD, CONCIENCIA PARA LA PRESERVACI¿N DEL MEDIO AMBIENTE, ALTO GRADO DE FORMACI¿N SOCIAL Y HUMAN¿STICA; A TRAV¿S DE ELEMENTOS ACAD¿MICOS DE CALIDAD, RELACIONES ACAD¿MICAS INTERNACIONALES, PRESERVANDO LOS PRINCIPIOS ¿TICOS, MORALES Y PROPICIANDO LOS SENTIDOS DE LA PERTENENCIA Y LA HERMANDAD."
2828,2828,CORPORACION UNIVERSITARIA DEL HUILA-CORHUILA-,Activa,800.107.584-2,Principal,Corporación,Privado,Institución Universitaria/Escuela Tecnológica,Huila,Neiva,Calle 21  6-01,8754220,Resolución,MINISTERIO DE EDUCACION NACIONAL.,21000,22-12-1989,28,1,www.corhuila.edu.co,N,,,,"SE ORIENTA A LA OFERTA DE OPORTUNIDADES DE FORMACIÓN DE PROFESIONALES CON ESPÍRITU EMPRENDEDOR Y REFLEXIVO DIRIGIDO AL LOGRO DE LA AUTONOMÍA PERSONAL DENTRO DEL MARCO DE LA LIBERTAD DE PENSAMIENTO Y PLURALISMO IDEOLÓGICO, AFIANZADOS EN LA UNIVERSIDAD DE LOS SABERES, CONOCEDORES DE LOS PATRONES Y FORMAS CULTURALES DEL PAÍS Y CELOSOS DEL CUMPLIMIENTO CABAL DE LOS PRINCIPIOS ÉTICOS.  LA MISIÓN SE DESARROLLA DENTRO DE LOS MARCOS DE LIBERTAD DE ENSEÑANZA, DE APRENDIZAJE, DE INVESTIGACIÓN Y DE CÁTEDRA COMO RESPUESTA A LAS NECESIDADES DE LA REGIÓN Y DEL PAÍS EN CUANTO A LA FORMACIÓN DEL RECURSO HUMANO PROFESIONAL CAPAZ DE GENERAR E IMPULSAR EL MEJORAMIENTO SOSTENIDO DE LA CALIDAD DE VIDA DE LA COMUNIDAD, MEDIANTE EL APROVECHAMIENTO DE LOS RECURSOS Y LA PARTICIPACIÓN COLECTIVA."
2829,2829,CORPORACION UNIVERSITARIA MINUTO DE DIOS -UNIMINUTO-,Activa,800.116.217-2,Principal,Corporación,Privado,Institución Universitaria/Escuela Tecnológica,"Bogotá, D.C.","Bogotá, D.C.",Carrera 73A N. 81B - 70 Minuto de Dios,6012916520,Resolución,MINISTERIO DE EDUCACION NACIONAL,10345,01-08-1990,339,,www.uniminuto.edu,S,19-02-2024,1387,6,
2830,2830,CORPORACION UNIVERSITARIA IBEROAMERICANA,Activa,860.503.837-7,Principal,Corporación,Privado,Institución Universitaria/Escuela Tecnológica,"Bogotá, D.C.","Bogotá, D.C.",Carrera 5 # 66 - 43,3489292,Resolución,MINISTERIO DE EDUCACION NACIONAL,428,28-01-1982,70,,https://www.ibero.edu.co/,S,31-10-2024,20202,6,
2831,2831,CORPORACION UNIVERSITARIA DE CIENCIA Y DESARROLLO - UNICIENCIA,Activa,830018780-7,Principal,Corporación,Privado,Institución Universitaria/Escuela Tecnológica,"Bogotá, D.C.","Bogotá, D.C.",Calle 74  15-73,3220055,Resolución,MINISTERIO DE EDUCACION NACIONAL,20,05-01-1996,21,,www.uniciencia.edu.co,N,,,,HA SIDO REFORMADO SEGUN ACUERDO NO. 001 DEL 8 DE ENERO DE 1998 Y CUERDO 005  DEL 26 DE JULIO DE 1993 DEL COMITE ACADEMICO.
2832,2832,UNIVERSIDAD DE SANTANDER - UDES,Activa,804001890-1,Principal,Corporación,Privado,Universidad,Santander,Bucaramanga,Calle 70 No. 55-210 Lagos del Cacique,6516500,Resolución,MINISTERIO DE EDUCACION NACIONAL.,810,12-03-1996,131,2,www.udes.edu.co,S,10-12-2021,23656,6,"LA  UNIVERSIDAD DE SANTANDER SE DEFINE COMO UNA INSTITUCIÓN DE EDUCACIÓN SUPERIOR DE CAPITAL IMPORTANCIA EN EL DESARROLLO ECONÓMICO, SOCIAL Y REGIONAL DEL PAÍS Y ASUME LA RESPONSABILIDAD DE ORIENTAR SUS ESFUERZOS A:

FORMAR CIUDADANOS AUTÓNOMOS DE ALTA COMPETENCIA CIENTÍFICO-TÉCNICA, CON RIGUROSO ÉNFASIS HUMANÍSTICO, DEFINIDOS EN EL CÓDIGO UNIVERSAL DE VALORES, CON LIDERAZGO Y CAPACIDAD PARA TRANSFORMAR SU ENTORNO Y PROYECTAR SU ESPÍRITU EMPRENDEDOR EN LOS PROCESOS DE CAMBIO.

CONSOLIDAR SU COMUNIDAD ACADÉMICA EN LA BÚSQUEDA DE LA EXCELENCIA Y EL RENDIMIENTO A TRAVÉS DE PROCESOS DE INVESTIGACIÓN FORMATIVA, PEDAGÓGICOS Y 	DIDÁCTICOS E INNOVADORES QUE COMBINEN EL USO DE MEDIOS ELECTRÓNICOS, INFORMATIVOS Y SATELITALES CON ESTRATEGIAS MODERNAS DE ENSEÑANZA Y APRENDIZAJE UNIVERSITARIO.
 
CONFORMAR UNA COMUNIDAD INVESTIGATIVA, CON CAPACIDAD PARA INTERPRETAR LA REALIDAD CIRCUNDANTE MEDIANTE PROCESOS DE DESARROLLO CIENTÍFICO Y TECNOLÓGICO, Y PRODUCIR LOS RESULTADOS Y LA SOLUCIÓN DE LOS PRINCIPALES PROBLEMAS DE CARÁCTER LOCAL, REGIONAL Y NACIONAL.

CONSOLIDAR LA CAPACIDAD DE AUTORREGULACIÓN Y AUTONOMÍA EN LAS INSTANCIAS GUBERNATIVA, ORGANIZACIONAL Y FINANCIERA DE LA CORPORACIÓN, COMO ESTRATEGIA DE LIDERAZGO Y POSICIONAMIENTO  INSTITUCIONAL EN EL CONTEXTO DE LA EDUCACIÓN SUPERIOR REGIONAL Y NACIONAL."
2833,2833,CORPORACION UNIVERSITARIA REMINGTON,Activa,811005425-1,Principal,Corporación,Privado,Institución Universitaria/Escuela Tecnológica,Antioquia,Medellín,"Calle 51  51-27, Edificio Coltabaco, Torre 1",5111000,Resolución,MINISTERIO DE EDUCACION NACIONAL,2661,21-06-1996,87,,www.remington.edu.co,N,,,,"LA CORPORACION UNIVERSITARIA REMINGTON ES UNA INSTITUCION DE EDUCACION SUPERIOR DE CARACTER PRIVADO, QUE PRESTA SUS SERVICIOS A NIVEL REGIONAL Y NACIONAL, ORIENTADA POR PRINCIPIOS DE INTERACCION ACADEMICA INSTITUCIONAL CON EL MEDIO.
 
CUMPLE CON LAS FUNCIONES DE DOCENCIA, INVESTIGACION Y EXTENCION, PARA LA FORMACION INTEGRAL DE UNA PERSONA PLENA EN VALORES ETICOS, MORALES, POLITICOS, ECONOMICOS, AMBIENTALES, CULTURALES Y TRASCENDENTES, A TRAVES DE SUS PROGRAMAS ACADEMICOS DE PREGRADO Y POSTGRADO, EN UN CONTEXTO DE ALTO NIVEL DE EXCELENCIA CIENTIFICA Y TECNOLOGICA, DE INVESTIGACION APLICADA Y ORIENTADA AL SECTOR PRODUCTIVO, INTERACTUANDO CON LA COMUNIDAD A TRAVES DE SUS SERVICIOS DE EXTENSION.

BUSCAMOS, DE MANERA PERMANENTE, AMPLIAR ESPACIOS PARA QUE LA COMUNIDAD TENGA OPORTUNIDAD DE PARTICIPAR EN NUESTRO PROYECTO EDUCATIVO, FORMANDO PROFESIONALES INTEGRALES PARA EL CAMBIO Y EL LIDERAZGO, COMPROMETIDOS COMPLETAMENTE CON EL DESARROLLO DEL PAIS, CONTRIBUYENDO A LA GENERACION DE UNA MEJOR CALIDAD DE VIDA."
2834,2834,UNIVERSITARIA AGUSTINIANA- UNIAGUSTINIANA,Activa,NO INFORMA,Principal,Corporación,Privado,Institución Universitaria/Escuela Tecnológica,"Bogotá, D.C.","Bogotá, D.C.",Av Ciudad de Cali No 11B-95,4193200,Resolución,MINISTERIO DE EDUCACION NACIONAL.,6651,26-12-1996,45,,www.uniagustiniana.edu.co,N,,,,MISION
2835,2835,"CORPORACION CRISTIANA UNIVERSITARIA DE SAN ANDRES, PROVIDENCIA Y SANTA CATALINA",Inactiva,NO INFORMA,Principal,Corporación,Privado,Institución Universitaria/Escuela Tecnológica,"Archipiélago de San Andrés, Providencia y Santa Catalina",San Andrés,Km. 14   2-29 South End,5130355,Resolución,MINISTERIO DE EDUCACION NACIONAL.,6278,16-12-1996,,,No disponible,N,,,,MISION
2836,2836,CORPORACION UNIVERSITARIA EMPRESARIAL DE SALAMANCA,Activa,819003405,Principal,Corporación,Privado,Institución Universitaria/Escuela Tecnológica,Atlántico,Barranquilla,Carrera 50  79 - 155,4242226,Resolución,MINISTERIO DE EDUCACION NACIONAL.,3062,02-12-1999,7,,www.cunivemsa.edu.co,N,,,,
2837,2837,CORPORACION UNIVERSITARIA REPUBLICANA,Activa,830.065.186-1,Principal,Corporación,Privado,Institución Universitaria/Escuela Tecnológica,"Bogotá, D.C.","Bogotá, D.C.",Carrera 7  19-38,2862384,Resolución,MINISTERIO DE EDUCACION NACIONAL.,3061,02-12-1999,28,,www.urepublicana.edu.co,N,,,,
2838,2838,CORPORACION COLEGIATURA COLOMBIANA,Activa,811.024.158,Principal,Corporación,Privado,Institución Universitaria/Escuela Tecnológica,Antioquia,Medellín,Km 7. Vía Las Palmas,3547120,Resolución,MINISTERIO DE EDUCACION NACIONAL.,1989,11-07-2000,11,,www.colegiatura.edu.co,N,,,,"LA CORPORACIÓN COLEGIATURA COLOMBIANA INSTITUCIÓN UNIVERSITARIA  TIENE COMO FILOSOFÍA EDUCATIVA TRES PROPÓSITOS QUE INTEGRAN SU RAZÓN DE SER: 
+	EL RESPETO A LOS SERES HUMANOS Y SU MEDIO AMBIENTE
+	EL LOGRO DE LA EXCELENCIA ACADÉMICA
+	LA PROYECCIÓN DE SUS ACCIONES HACIA EL BIENESTAR  COMUNITARIO

SE FUNDAMENTA PARA ELLO EN PROCESOS Y MÉTODOS DE FORMACIÓN QUE CONTEMPLAN LABORES EDUCATIVAS, INSTRUCTIVAS Y DE CAPACITACIÓN COMO ESTRATEGIAS PEDAGÓGICAS ORIENTADAS A CREAR PROFESIONALES ÍNTEGROS, RACIONALES Y SENSIBLES, GESTORES Y AGENTES DE VALORES ESTÉTICOS, ÉTICOS Y CÍVICOS DENTRO DE UN SABERHACER ESPECÍFICO.

ASÍ FORMARÁ SERES HUMANOS CUYA PRINCIPAL FUNCIÓN ACADÉMICA Y PROFESIONAL ESTARÁ AL SERVICIO DE LA DIGNIDAD INDIVIDUAL, COLECTIVA  Y DE LA CULTURA.

LA ACADEMIA ADOPTA PARA SÍ MISMA, UN SISTEMA DE EDUCACIÓN PROGRESISTA QUE SE COMPROMETE CON LAS SIGUIENTES REALIZACIONES:
+	QUE PERMITA ACCEDER DE MANERA LIBRE Y SIN RESTRICCIONES A CUALQUIER ÁREA DEL CONOCIMIENTO,
+ 	QUE POSEA COMO PRINCIPIO PEDAGÓGICO EL RESPETO Y ACEPTACIÓN DE LOS DERECHOS HUMANOS, LAS DIFERENCIAS INDIVIDUALES Y SOCIALES DE SUS ALUMNOS Y DOCENTES,
+	QUE ELABORE, IMPLEMENTE Y EJECUTE UN SISTEMA DE PLANEACIÓN PROSPECTIVO, FUNDAMENTADO EN LA 	 INVESTIGACIÓN, EN PROCURA DE LA CONSTANTE ACTUALIZACIÓN Y LA SABIA INTERVENCIÓN EN LA CULTURA.

LA INTEGRIDAD Y AUTOREALIZACIÓN DEL SER HUMANO COMO PRINCIPIOS, LA FORMACIÓN EN LA EXCELENCIA ACADÉMICA COMO FINALIDAD Y EL DESARROLLO SOCIAL COMO EFECTO, SON LA MISIÓN DE LA CORPORACIÓN COLEGIATURA COLOMBIANA INSTITUCIÓN UNIVERSITARIA."
2840,2840,CORPORACION UNIVERSITARIA EMPRESARIAL ALEXANDER VON HUMBOLDT - CUE,Activa,no disponible,Principal,Corporación,Privado,Institución Universitaria/Escuela Tecnológica,Quindío,Armenia,Avenida Bolivar #1-189,7450025,Resolución,MINISTERIO DE EDUCACION NACIONAL,439,14-03-2001,14,11,www.uempresarial@cue.edu.co,N,,,,
2829,2841,CORPORACION UNIVERSITARIA MINUTO DE DIOS -UNIMINUTO-,Activa,800.116.217 - 2,Seccional,Corporación,Privado,Institución Universitaria/Escuela Tecnológica,Antioquia,Bello,Carrera 45   22 D - 25,4623131,Resolución,MINISTERIO DE EDUCACION NACIONAL.,1634,17-07-2002,42,,www.uniminuto.edu,N,,,,
2842,2842,CORPORACION UNIVERSITARIA REFORMADA - CUR -,Activa,802017254-8,Principal,Corporación,Privado,Institución Universitaria/Escuela Tecnológica,Atlántico,Barranquilla,Carrera 38 74-179,3680130,Resolución,MINISTERIO DE EDUCACION NACIONAL,1021,14-05-2002,25,,www.unireformada.edu.co,N,,,,
2847,2847,UNIVERSIDAD DE INVESTIGACION Y DESARROLLO - UDI,Activa,890.212.433-5,Principal,Corporación,Privado,Universidad,Santander,Bucaramanga,Calle 9  23-55,6352525,Resolución,MINISTERIO DE EDUCACION NACIONAL.,22195,20-12-1985,45,,www.udi.edu.co,N,,,,"LA CORPORACION TECNOLOGICA CENTROSISTEMAS ESTA COMPROMETIDA CON LA CALIDAD, CON LOS PRINCIPIOS CONSTITUCIONALES Y LOS OBJETIVOS ESTABLECIDOS POR LA LEY PARA LA EDUCACION SUPERIOR.

LA MISION DE CENTROSISTEMAS ES FORJAR CONOCIMIENTO Y FORMAR PROFESIONALES EN TECNOLOGIA Y OTRAS AREAS ACADEMICAS QUE MEJOR SIRVAN A SANTANDER Y AL PAIS.

LA CORPORACION MEJORA EN FORMA PERMANENTE LA CALIDAD DE SU ACADEMIA, INVESTIGACION Y PROGRAMAS. CENTROSISTEMAS ESTA DEDICADA A BRINDAR A SUS ESTUDIANTES UNA FORMACION INTEGRAL CON EL SOPORTE PEDAGOGICO Y DE BIENESTAR ADECUADO.  BUSCAMOS DESARROLLAR EN CADA MIEMBRO DE CENTROSISTEMAS LA HABILIDAD Y PASION POR EL TRABAJO INTELIGENTE, CREATIVO Y EFICAZ EN UN AMBIENTE DE RESPONSABILIDAD, CUMPLIMIENTO, DE RESPETO A LA PALABRA, A LAS PERSONAS Y A LOS DERECHOS HUMANOS."
2848,2848,CORPORACION UNIVERSITARIA  UNITEC,Activa,860.510.627-6,Principal,Corporación,Privado,Institución Universitaria/Escuela Tecnológica,"Bogotá, D.C.","Bogotá, D.C.",Calle 73 No. 20A-52,6019157811,Resolución,MINISTERIO DE EDUCACION NACIONAL.,2012,02-03-1982,42,,www.unitec.edu.co,N,,,,"LA CORPORACION TIENE COMO MISION FORMAR PROFESIONALES INTEGROS, AUTONOMOS Y CON UN ALTO SENTIDO DE PERTENENCIA; CONSCIENTES DE LA NECESIDAD DE UNA CONTINUA PROYECCION E INTERVENCION DINAMICA EN LA SOCIEDAD; QUE SE CONSERVEN Y PROYECTEN LOS CONOCIMIENTOS CIENTIFICOS, TECNOLOGICOS Y ARTISTICOS PARA QUE CON UNA FUNDAMENTACION HUMANISTICA Y EL SANO EJERCICIO DE LA CRITICA, DESARROLLEN UN PENSAMIENTO CREATIVO E INNOVADOR QUE LOS CONSTITUYA EN GESTORES DE CAMBIO INDIVIDUAL Y COLECTIVO MEDIANTE EL TRABAJO SOLIDARIO.  EN DESARROLLO DE SUS PRINCIPIOS ESTARA ABIERTA A TODOS LOS QUE EN EL EJERCICIO DE LA IGUALDAD DE OPORTUNIDADES, DEMUESTREN POSEER LAS CAPACIDADES REQUERIDAS Y CUMPLAN LAS CONDICIONES ACADEMICAS EXIGIDAS Y POR LO TANTO NO HABRA NINGUNA LIMITACION POR CONSIDERACION DE RAZA, CREDO, SEXO O CONDICION ECONOMICA Y SOCIAL."
2849,2849,CORPORACION UNIVERSITARIA AUTONOMA DEL CAUCA,Activa,891.501.766-6,Principal,Corporación,Privado,Institución Universitaria/Escuela Tecnológica,Cauca,Popayán,Calle 5  3-85,8213000,Resolución,MINISTERIO DE EDUCACION NACIONAL,13002,30-08-1984,28,,www.uniautonoma.edu.co,N,,,,"LA CORPORACION UCICA FUE CREADA PRA EL EJERCICIO DE LA DOCENCIA, LA INVESTIGACION, LA DIVULGACION Y LA EXTENSION DE SERVICIOS UNIVERSITARIOS CO EL PROPOSITO DE CONTRIBUIR A FORMAR CIUDADANOS DE BIEN, RESPETUOSOS DE LA DIGNIDAD HUMANA, DE LA LIBERTAD RESPONSABLE, QUE IDENTIFICADOS CON LOS MAS ALTOS VALORES ETICOS, ESTETICOS, MORALES Y CULTURALES, SE COMPROMETIAN EN LA BUSQUEDA DEL PROGRESO Y LA JUSTICIA SOCIAL"
2850,2850,CORPORACION UNIVERSITARIA ANTONIO JOSE DE SUCRE - CORPOSUCRE,Activa,823.004.609 D.V.9,Principal,Corporación,Privado,Institución Universitaria/Escuela Tecnológica,Sucre,Sincelejo,Carrera 21 25-59 La María,2812282,Resolución,MINISTERIO DE EDUCACION NACIONAL,2302,26-09-2003,27,,www.corposucre.edu.co,N,,,,
2901,2901,ESCUELA DE INTELIGENCIA Y CONTRAINTELIGENCIA BRIGADIER GENERAL RICARDO CHARRY SOLANO,Activa,800131292,Principal,Nacional,Oficial,Institución Universitaria/Escuela Tecnológica,"Bogotá, D.C.","Bogotá, D.C.",Carrera 8a No. 101-33,6017515,No informa,Ministerio de Defensa,020,02-11-1964,8,,www.esici.edu.co,N,,,,
2902,2902,ESCUELA DE LOGISTICA,Activa,800131180,Principal,Nacional,Oficial,Institución Universitaria/Escuela Tecnológica,"Bogotá, D.C.","Bogotá, D.C.","Calle 11 Sur  10-50 Este, San Cristóbal",3370207,No informa,Ministerio de Defensa,015,28-12-1995,3,,No disponible,N,,,,
2903,2903,ESCUELA DE COMUNICACIONES,Inactiva,800131179,Principal,Nacional,Oficial,Institución Universitaria/Escuela Tecnológica,Cundinamarca,Facatativá,Calle 5 No. 15-00,8422020,Ley,Congreso de Colombia,30,28-12-1992,,,www.escom.mil.co,N,,,,
2904,2904,ESCUELA SUPERIOR DE GUERRA GENERAL RAFAEL REYES PRIETO,Activa,830002634-1,Principal,Nacional,Oficial,Institución Universitaria/Escuela Tecnológica,"Bogotá, D.C.","Bogotá, D.C.",Carrera 11 102-50,6204066,Decreto,Presidencia de la Repúiblica,453,01-05-1909,6,,www.esdegue.mil.co,N,,,,"LA ESCUELA SUPERIOR DE GUERRA COMO MAXIMO INSTITUTO DE ESTUDIOS SUPERIORES MILITARES, CAPACITA L¿DERES Y COMANDANTES QUE ENFRENTEN LOS RETOS DEL SIGLO XXI, FUNDAMENTADOS EN PRINCIPIOS Y VALORES AL SERVICIO DE LA NACI¿N."
2905,2905,CENTRO DE EDUCACION MILITAR - CEMIL,Activa,830028487,Principal,Nacional,Oficial,Institución Universitaria/Escuela Tecnológica,"Bogotá, D.C.","Bogotá, D.C.",Calle 102 7-80,6208549,No informa,Comando del Ejército Nacional,10,23-11-1999,9,1,www.cemil.mil.co,N,,,,
2906,2906,ESCUELA DE POSTGRADOS DE LA FAC-EPFAC,Activa,830.030.378 - 8,Principal,Nacional,Oficial,Institución Universitaria/Escuela Tecnológica,"Bogotá, D.C.","Bogotá, D.C.","Carrera 11 102 - 50 Edificio ESDEGUE, Of.412",6204066,Resolución,Ministerio de Educacion Nacional,1906,05-08-2002,2,,www.epfac.edu.co,N,,,,
3102,3102,INSTITUTO SUPERIOR DE EDUCACION RURAL-ISER-,Activa,890.501.578,Principal,Departamental,Oficial,Institución Tecnológica,Norte de Santander,Pamplona,Calle  8   No.8-155,682597,Decreto,Gobierno Nacional.,2365,18-09-1956,18,,www.iser.edu.co,N,,,,MISION
3103,3103,INSTITUCIÓN UNIVERSITARIA MAYOR DE CARTAGENA,Activa,890.480.054-5,Principal,Municipal,Oficial,Institución Universitaria/Escuela Tecnológica,Bolívar,Cartagena de Indias,Calle de la Factor¿a  carrera 3 #36-95,6644060,Ley,Congreso,48,17-12-1945,33,,www.colmayorbolivar.edu.co,N,,,,"EL COLEGIO MAYOR DE BOLIVAR ES UNA INSTITUCI¿N DE EDUCACI¿N TECNOL¿GICA ESTATAL OFICIAL QUE FUNDAMENTA SU MISI¿N EN LA FORMACI¿N DE SUS EDUCANDOS EN OCUPACIONES, PROGRAMAS DE FORMACI¿N ACAD¿MICA EN DISCIPLINAS Y PROGRAMAS DE ESPECIALIZACI¿N TECNOL¿GICA EN DIFERENTES ¿REAS DEL CONOCIMIENTO, DENTRO DE CLAROS PRINCIPIOS ¿TICOS, TECNOL¿GICOS, HUMANISTICOS Y CIENTIFICOS EN UN AMBIENTE DE AUTONOM¿A INSTITUCIONAL QUE ASEGURA LA LIBERTAD DE ENSE¿ANZA Y APRENDIZAJE Y LA PARTICIPACI¿N ACAD¿MICA PARA QUE, DENTRO DE SU CAMPO DE FORMACI¿N ESPEC¿FICA, CONTRIBUYAN AL DESARROLLO REGIONAL Y NACIONAL."
3104,3104,COLEGIO MAYOR DEL CAUCA,Activa,891500759-1,Principal,Departamental,Oficial,Institución Universitaria/Escuela Tecnológica,Cauca,Popayán,"Cra.5#5-40 (SEDE PPAL), Calle 3#6-42 (CASA OB",8241109,No informa,Ministerio de Educacion Nacional,524,15-12-1966,18,,www.colmayorcauca.edu.co,N,,,,"GENERAR Y FOMENTAR EL SURGIMIENTO DE NUEVAS Y DIVERSAS FORMAS DE MEJORAMIETO Y SUPERACION SOCIO-CULTURAL MEDIANTE PROCESOS DE EDUCACION INTEGRAL FORMAL E INFORMAL QUE SE EXPRESEN EN PENSAMIENTO CRITICO E INNOVADOR, INTERDICIPLINARIEDAD, E INDISCRIMINACION IDEOLOGICA Y SU APLICABILIDAD EN PROYECTOS VIABLES DENTRO DEL CONTEXTO REGIONAL, TRANSFORMANDO SIGNIFICATIVAMENTE LA SOCIEDAD, COMUNIDAD, LOS COLECTIVOS Y LA FAMILIA."
3107,3107,INSTITUCIÓN UNIVERSITARIA PASCUAL BRAVO,Activa,890.980.153,Principal,Nacional,Oficial,Institución Universitaria/Escuela Tecnológica,Antioquia,Medellín,Calle 73 No. 73A-226,4480520,Decreto,Gobierno Nacional,108,18-01-1950,50,1,www.pascualbravo.edu.co,S,29-06-2022,12512,6,"SOMOS UNA INSTITUCION LIDER EN EDUCACION SUPERIOR TECNOLOGICA QUE SE CONSTITUYE EN COMUNIDADES, PARA LA FORMACION DE PROFESIONALES COMPETENTES Y CREATIVOS, CON SENTIDO HUMANISTA, CONCIENCIA SOCIAL, ESPIRITU PLURALISTA Y PARTICIPATIVO.
NUESTRO PROYECTO EDUCATIVO ARTICULA LA DOCENCIA, LA INVESTIGACION, LA EXTENSION Y LA GESTION EN OPTIMOS ESPACIOS DE APRENDIZAJE, RECREACION Y CULTURA CON DOTACION TECNOLOGICA E INFRAESTRUCTURA, CONTRIBUYENDO ASI CON EL DESARROLLO INTEGRAL DEL INDIVIDUO PARA QUE EN UN AMBITO GLOBAL TRANSFORME, INNOVE Y ADAPTE PROCESOS DEL SECTOR EMPRESARIAL Y SOCIAL.
COMO INSTITUCION DE CARACTER PUBLICO, ABIERTA Y DINAMICA, ESTA EXPUESTA A PERMANENTE REFLEXION Y MEJORAMIENTO EN EL CUMPLIMIENTO DE SU ENCARGO SOCIAL."
3114,3114,ESCUELA NAVAL DE SUBOFICIALES ARC BARRANQUILLA,Activa,NO INFORMA,Principal,Nacional,Oficial,Institución Tecnológica,Atlántico,Barranquilla,Vía 40 Calle 58,3444410,No informa,Ministerio de Defensa,0743,14-02-1992,24,,www.armada.mil.co,S,11-03-2022,3319,4,"ENTRENAR, CAPACITAR Y ACTUALIZAR AL PERSONAL DE OFICIALES Y SUBOFICIALES DE LA ARMADA NACIONAL."
3115,3115,INSTITUCIÓN UNIVERSITARIA DEL PUTUMAYO,Activa,800.247.940-1,Principal,Departamental,Oficial,Institución Universitaria/Escuela Tecnológica,Putumayo,Mocoa,Barrio la Esmeralda aire libre,4296105,Ley,Congreso de la Republica.,65,11-12-1989,36,,www.itp.edu.co,N,,,,MISION
3115,3116,INSTITUCIÓN UNIVERSITARIA DEL PUTUMAYO,Activa,800.247.940-1,Seccional,Departamental,Oficial,Institución Universitaria/Escuela Tecnológica,Putumayo,Sibundoy,Correspondencia: Barrio Luis Carlos Galan - Mocoa - Putumayo,4296105,Ley,Congreso de la Republica.,65,11-12-1989,,,www.itp.edu.co,N,,,,MISION
3117,3117,INSTITUCIÓN UNIVERSITARIA DE BARRANQUILLA - IUB,Activa,802.011.065,Principal,Municipal,Oficial,Institución Universitaria/Escuela Tecnológica,Atlántico,Barranquilla,"Cra 45 N¿48-31 Barrio El Carmen, Barranquilla",3112370,Ley,Congreso de la Republica.,391,23-07-1997,50,,www.itsa.edu.co,S,20-02-2024,1441,6,"Email: atencionaIciudadanoitsa.edu.co
:Email notificaciones: ¿otifica¿jpesudicialesitsa.edu.co"
3201,3201,UNIDADES TECNOLOGICAS DE SANTANDER,Activa,890.208.727,Principal,Departamental,Oficial,Institución Tecnológica,Santander,Bucaramanga,Calle de los Estudiantes No.9 - 82,6413000,Ordenanza,Asamblea Departamental de Santander,90,23-12-1963,56,,www.uts.edu.co,S,16-01-2025,237,6,"SOMOS UNA INSTITUCIÓN DE EDUCACIÓN SUPERIOR, DE CARÁCTER TECNOLÓGICO, COMPROMETIDA EN EL PROCESO DE AUTOEVALUACIÓN PARA GARANTIZAR LA CALIDAD DE NUESTROS PROGRAMAS ACADÉMICOS Y LA FORMACIÓN INTEGRAL DE TECNÓLOGOS, CIMENTADA EN LA INVESTIGACIÓN, LA CIENCIA, LA TECNOLOGÍA, LA CONSTRUCCIÓN Y APLICACIÓN DEL CONOCIMIENTO, EL COMPROMISO SOCIAL, LOS VALORES ÉTICOS, EL BIENESTAR Y LA CALIDAD DE VIDA.
EL EJERCICIO LIBRE DE LA CÁTEDRA, LA AUTONOMÍA UNIVERSITARIA, LA DEMOCRACIA, EL ANÁLISIS CRÍTICO, EL RESPETO POR LA DIFERENCIA, LA INDIVIDUALIDAD Y LA CULTURA ECOLÓGICA, SON PRINCIPIOS QUE ORIENTAN NUESTRO CRECIMIENTO Y DESARROLLO INSTITUCIONAL PARA RESPONDER A LAS POLÍTICAS NACIONALES DE CIENCIA Y TECNOLOGÍA, LOS RETOS DE PRODUCTIVIDAD Y COMPETITIVIDAD DEL ENTORNO REGIONAL Y NACIONAL."
3204,3204,TECNOLOGICO DE ANTIOQUIA,Activa,890905419-6,Principal,Departamental,Oficial,Institución Universitaria/Escuela Tecnológica,Antioquia,Medellín,Calle 78B  72A-220,4443700,Decreto,Gobierno Departamental de Antioquia,262,28-02-1979,60,2,www.tdea.edu.co,S,17-07-2020,13167,8,"PROMOVEMOS Y FORTALECEMOS LA EDUCACI¿N SUPERIOR A NIVEL  LOCAL, REGIONAL Y NACIONAL, A TRAV¿S DEL OFRECIMIENTO DE PROGRAMAS T¿CNICOS, TECNOL¿GICOS Y PROFESIONALES, APLICANDO MODELOS DE DESCENTRALIZACI¿N EDUCATIVA AL SERVICIO Y ALCANCE DE LA COMUNIDAD EN GENERAL PARA LOGRAR SU DESARROLLO INTEGRAL CON CRITERIO PLURALISTA, PARTICIPATIVO, INVESTIGATIVO Y DE SENTIDO ECOL¿GICO, FUNDAMENTADOS EN LOS PRINCIPIOS ¿TICOS, LA MORAL Y LA JUSTICIA."
3301,3301,INSTITUCION UNIVERSITARIA ANTONIO JOSE CAMACHO,Activa,805.000.889-0,Principal,Municipal,Oficial,Institución Universitaria/Escuela Tecnológica,Valle del Cauca,Santiago de Cali,Av. 6ª  28N-102 Barrio San Vicente,6882828,Acuerdo,Concejo Municipal de Cali.,29,21-12-1993,46,,www.uniaj.edu.co,N,,,,"EL INSTITUTO TECNOLOGICO MUNICIPAL ES UNA INSTITUCION GENERADORA Y DIFUSORA DE CONOCIMIENTOS CON UNA OBJETIVA VISION DE SERVICIO A LA SOCIEDAD Y TIENE COMO MISION LA FORMACION INTEGRAL DE PROFESIONALES DE ALTO NIVEL, DENTRO DE CLAROS VALORES DE JUSTICIA, ETICA Y TOLERANCIA Y CON UNA CONCIENCIA DE SU PAPEL DE ACTORES Y PROMOTORES DEL DESARROLLO REGIONAL Y NACIONAL; PROMOVIENDO EL SENTIDO EMPRENDEDOR DE LAS UNIDADES ADMINISTRATIVAS, DE DOCENCIA Y DE INVESTIGACION PARA FOMENTAR LA CALIDAD Y LA EXCELENCIA DE LA EDUCACION TECNOLOGICA Y CIENTIFICA."
3302,3302,INSTITUCION UNIVERSITARIA - ITM,Activa,800214750-7,Principal,Municipal,Oficial,Institución Universitaria/Escuela Tecnológica,Antioquia,Medellín,Calle 73 NO. 76A-354 Via al Volador,4405100,Acuerdo,Concejo Municipal,42,18-09-1991,70,,www.itm.edu.co,S,24-07-2020,13595,8,"EL INSTITUTO TECNOLOGICO METROPOLITANO:  ES UN ESTABLECIMIENTO DE CARACTER PUBLICO Y DE NATURALEZA AUTONOMA,  ADSCRITO A LA ALCALDIA DE MEDELLIN,  PRESTA UN SERVICIO PUBLICO CULTURAL EN EDUCACION SUPERIOR,  PARA LA FORMACION INTEGRAL DE TALENTO HUMANO CALIFICADO EN CIENCIA Y TECNOLOGIA Y TECNICOS IDONEOS,  POR MEDIO DE PROGRAMAS ADSCRITOS,  QUE GENERE UN PROCESO EDUCATIVO DE CALIDAD Y DE PROMOCION A ESCALA HUMANA QUE HABILITE PARA LA VIDA Y EL TRABAJO,  FUNDAMENTADO EN APRENDER A SER,  APRENDER A HACER Y APRENDER A APRENDER,  DENTRO DE UN CONTEXTO DE INVESTIGACION,  DOCENCIA Y EXTENSION,  PARA UN OPTIMO DESARROLLO DEL SABER,  LA DIGNIDAD HUMANA,  LA SOLIDARIDAD COLECTIVA Y UNA CONSCIENCIA SOCIAL Y ECOLOGICA."
3303,3303,TECNOLÓGICO DE ARTES DÉBORA ARANGO INSTITUCIÓN REDEFINIDA,Activa,811.042.967-9,Principal,Municipal,Oficial,Institución Tecnológica,Antioquia,Envigado,Calle 38 Sur  44 - 120 Barrio Alcala,3330381,Acuerdo,Honorable Consejo Superior de Envigado.,38,25-09-2003,20,,www.ladebora.edu.co,N,,,,
3702,3702,FUNDACION TECNOLOGICA AUTONOMA DE BOGOTA-FABA-,Activa,NO INFORMA,Principal,Fundación,Privado,Institución Tecnológica,"Bogotá, D.C.","Bogotá, D.C.",Carrera 14   80 - 35,6913862,Resolución,MINISTERIO DE EDUCACION NACIONAL.,6845,27-08-1976,14,,www.faba.edu.co,N,,,,"ES MISIÓN DE FABA FORMAR RECURSO HUMANO DEL NIVEL PROFESIONAL EN LAS ÁREAS DEFINIDAS COMO PRIORITARIAS PARA EL DESARROLLO DEL PAÍS.  PROFESIONALES CON COMPETENCIA TÉCNICA Y FORMACIÓN HUMANA, CAPACES DE CONTINUAR EN FORMA AUTÓNOMA SU PROCESO DE CRECIMIENTO Y DESARROLLO PERSONAL Y PROFESIONAL; CON CAPACIDAD DE PARTICIPACIÓN Y GESTIÓN EN LA SOLUCIÓN DE LOS PROBLEMAS NACIONALES Y SOCIALMENTE RESPONSABLES EN LA CONSTRUCCIÓN DE LA COLOMBIA DESEADA; PARA ELLO IMPULSARÁ EN LA FORMACIÓN INTEGRAL Y EL FOMENTO DE LA ACTIVIDAD INVESTIGATIVA.
EN EL INMEDIATO FUTURO LA FUNDACIÓN TECNOLÓGICA AUTÓNOMA DE BOGOTÁ CONTRIBUIRÁ EN LA FORMACIÓN DE CIUDADANOS QUE APORTEN AL DESARROLLO CULTURAL, CIENTÍFICO Y TECNOLÓGICO DEL PAÍS.
- CONTRIBUIR AL DESARROLLO DEL PAÍS MEDIANTE EL RECONOCIMIENTO DE NUESTRA IDENTIDAD Y APORTES AL PATRIMONIO CULTURAL EN EL ARTE, LA CIENCIA, Y LA TECNOLOGÍA.
- LA FORMACIÓN DE CIUDADANOS QUE APORTEN AL DESARROLLO CULTURAL, CIENTÍFICO Y TECNOLÓGICO DEL PAÍS.
- CONTRIBUIR EN LA FORMACIÓN DE PERSONAS RESPONSABLES Y CRÍTICAS, CON ALTOS NIVELES CÍVICOS, ÉTICOS Y BIOÉTICOS.
- FORMAR PERSONAS COMPETENTES EN SU CAMPO PROFESIONAL, CON CAPACIDAD DE PARTICIPACIÓN Y CONTRIBUCIÓN INTERDISCIPLINARIA A LA SOLUCIÓN DE LOS PRINCIPALES PROBLEMAS DEL PAÍS.
- CONTRIBUIR A LA FORMACIÓN DE CIUDADANOS, SOCIALMENTE RESPONSABLES, QUE PARTICIPEN Y APORTEN CRÍTICA, ACTIVA Y CREATIVAMENTE EN LOS PROCESOS DE DESARROLLO SOSTENIBLE DE SU FAMILIA, DE SU COMUNIDAD Y DE NUESTRO PAÍS.
- FORMAR PERSONAS CAPACES DE CONTINUAR EN FORMA AUTÓNOMA SU PROCESO DE CRECIMIENTO Y DESARROLLO HUMANO, MEDIANTE LA EDUCACIÓN Y LA UTILIZACIÓN ADECUADA DEL TIEMPO DE OCIO."
3703,3703,INSTITUCION UNIVERSITARIA ESCOLME,Activa,NO INFORMA,Principal,Fundación,Privado,Institución Universitaria/Escuela Tecnológica,Antioquia,Medellín,Calle 50   40-39,2161700,Resolución,GOBIERNO DEPARTAMENTAL DE ANTIOQUIA,126,16-09-1970,20,2,www.escolme.edu.co,N,,,,"1. ESCOLME, FUNDACION UNIVERSITARIA, ES UNA INSTITUCION COMPROMETIDA CON LA FORMACION INTEGRAL DE TALENTO HUMANO, ALTAMENTE CALIFICADO EN PROGRAMAS DE FORMACION EN OCUPACIONES, EN PROFESIONES Y DISCIPLINAS, Y EN ESPECIALIZACION, PRIORITARIAMENTE EN LAS AREAS DE LA MERCADOTECNIA, LAS VENTAS, LA ADMINISTRACION, LAS FINANZAS Y SISTEMAS.

2. LA FORMACION INTEGRAL ES UN COMPROMISO DE PROMOCION DE PERSONAS SENSITIVAS, REFLESIVAS, Y DE BUENAS RELACIONES. LIBRES, SOLIDARIAS, REALIZADORAS, CREATIVAS Y PARTICIPATIVAS, QUE AL EGRESAR HAYAN RECIBIDO DE LA INSTITUCION EL ARTE DE LA CONVIVENCIA PACIFICA Y LA CAPACIDAD DE ANALISIS EN SU PROFESION PARA ENTENDIMIENTO DE LA SITUACION SOCIAL.

3.  ESCOLME ES UNA INSTITUCION SISTEMATIZADA ALREDEDOR DEL APRENDIZAJE, DONDE EL ASEGURAMIENTO DE LA CALIDAD Y DE LA ORGANIZACION, ESTA DADO POR LA APLICACION QUE HACE DE SU PLANEACION PRECISA, SU GESTION DINAMICA Y SU EVOLUCION FORMATIVA, ES DEMOCRATICA, AUTOCONTROLADA, CON TOMA DE DECISIONES Y ADMINISTRACION COMPARTIDA, PREDOMINIO DEL TRABAJO EN EQUIPO Y ORIENTADA AL SERVICIO DE LA COMUNIDAD, ENMCARCADA EN LA CONSTITUCION POLITICA Y LAS LEYES DE LA REPUBLICA DE COLOMBIA."
3705,3705,FUNDACION UNIVERSITARIA TECNOLOGICO COMFENALCO - CARTAGENA,Activa,890.481.183-1,Principal,Fundación,Privado,Institución Universitaria/Escuela Tecnológica,Bolívar,Cartagena de Indias,Carrera 44 D  30 A-91,6723700,Resolución,MINISTERIO DE EDUCACION NACIONAL,9299,13-07-1984,52,3,www.tecnologicocomfenalco.edu.co,N,,,,MISION
3706,3706,"FUNDACION CENTRO COLOMBIANO DE ESTUDIOS PROFESIONALES, -F.C.E.C.E.P.",Activa,NO INFORMA,Principal,Fundación,Privado,Institución Tecnológica,Valle del Cauca,Santiago de Cali,Calle 9B  29A-67 Champag?at,6842424,Resolución,MINISTERIO DE EDUCACION NACIONAL.,11967,21-08-1984,15,,www.cecep.edu.co,N,,,,"FORMACION INTEGRAL DE PROFESIONALES LIDERES CON ESPIRITU INVESTIGATIVO Y EMPRESARIAL PARA APLICAR LA TECNICA, LA CIENCIA, LA TECNOLOGIA, LAS HUMANIDADES Y LAS BELLAS ARTES DENTRO DE UN MARCO ETICO, UNIVERSAL E INNOVADOR PARA ASI CONTRIBUIR AL DESARROLLO DEL PAIS."
3710,3710,FUNDACION UNIVERSITARIA ANTONIO DE AREVALO - UNITECNAR,Activa,890.481.264,Principal,Fundación,Privado,Institución Universitaria/Escuela Tecnológica,Bolívar,Cartagena de Indias,Calle del Cuartel 36-54,6600671,Resolución,MINISTERIO DE EDUCACION NACIONAL.,322,23-01-1985,106,1,www.tecnar.edu.co,S,19-11-2024,22031,6,MISION
3712,3712,FUNDACION CENTRO DE INVESTIGACION DOCENCIA Y CONSULTORIA ADMINISTRATIVA-F-CIDCA-,Activa,86.040.457,Principal,Fundación,Privado,Institución Tecnológica,"Bogotá, D.C.","Bogotá, D.C.","Calle 61  11-09 , sede Carrera 18  38-19",3472927,Resolución,MINISTERIO DE EDUCACION NACIONAL,4124,24-04-1984,19,,www.cidca.edu.co.,N,,,,"SATISFACER INTEGRALMENTE LA NCESIDAD DE FORMACION EDUCATIVA CENTRADA EN EL SER HUMANO, PARA CONTRIBUIR AL DESARROLLO PERSONAL, SOCIAL Y EMPRESARIAL DE LA REGION A TRAVES DE UN PROYECTO PEDAGOGICO INNOVADOR."
3713,3713,FUNDACION UNIVERSITARIA PARA EL DESARROLLO HUMANO - UNINPAHU,Activa,860.504.360,Principal,Fundación,Privado,Institución Universitaria/Escuela Tecnológica,"Bogotá, D.C.","Bogotá, D.C.",Avenida 39  15-58,3323500,Resolución,MINISTERIO DE EDUCACION NACIONAL,16971,09-10-1981,30,,www.uninpahu.edu.co,N,,,,"INPAHU, ES UNA INSTITUCION DE EDUCACION SUPERIOR DE DERECHO PRIVADO QUE, EN EJERCICIO DE LA AUTONOMIA UNIVERSITARIA Y LA RESPONSABILIDAD SOCIAL, SE?ALA SU RAZON DE SER Y SENTIDO EN LA FORMACION INTEGRAL DEL HOMBRE COLOMBIANO, ENTENDIDA DESDE LA RACIONALIDAD INTEGRADORA  DEL CONOCIMIENTO EN LA CIENCIA, LA TECNICA, LA TECNOLOGIA Y LOS VALORES ETICOS, SOCIALES, ECONOMICOS, POLITICOS CULTURALES Y TRASCENDENTES, PARA QUE EN SU CONDICION DE SER INDIVIDUAL Y SER SOCIAL ACTUE EN DESARROLLO DEL PROYECTO HISTORICO NACIONAL CONSAGRADO EN LA CARTA CONSTITUCIONAL."
3715,3715,FUNDACION TECNOLOGICA AUTONOMA DEL PACIFICO,Activa,800.147.711-2,Principal,Fundación,Privado,Institución Tecnológica,Valle del Cauca,Santiago de Cali,Carrera 1 #46c esquina Barrio Popular,4850546,Resolución,MINISTERIO DE EDUCACION NACIONAL.,10436,10-04-1991,15,,www.utap.edu.co,N,,,,"OFRECER CULTURA Y EDUCACI¿N PROMOVIENDO LA INTEGRACI¿N ENTRE LO CIENT¿FICO, LO TECNOL¿GICO, LO EMPRESARIAL Y LO COMUNITARIO, IMPULSANDO LA COOPERACI¿N PARA APORTAR AL BIENESTAR REGIONAL Y NACIONAL, FOMENTANDO EL DESARROLLO DE LA INTELIGENCIA Y CONTRIBUYENDO A ELEVAR EL NIVEL EDUCATIVO DE NUESTRA GENTE, PROPENDIENDO POR EL BIENESTAR DEL INDIVIDUO, DE LA SOCIEDAD Y POR LA CONSERVACI¿N Y MEJORAMIENTO DEL AMBIENTE."
3716,3716,TECNOLOGICA FITEC,Activa,800.189.702-6,Principal,Fundación,Privado,Institución Tecnológica,Santander,Bucaramanga,Calle 58 32-16 Barrio Conucos,6431301,Resolución,MINISTERIO DE EDUCACION NACIONAL.,5,03-01-1992,21,,www.fitec.edu.co,N,,,,MISION
3718,3718,FUNDACION DE ESTUDIOS SUPERIORES COMFANORTE -F.E.S.C.-,Activa,800.235.151-5,Principal,Fundación,Privado,Institución Tecnológica,Norte de Santander,San José de Cúcuta,Avenida 5#15-27 CENTRO,5829292,Resolución,MINISTERIO DE EDUCACION NACIONAL.,4172,25-08-1993,51,,www.fesc.edu.co,N,,,,MISION
3719,3719,INSTITUCION UNIVERSITARIA LATINA - UNILATINA,Activa,860516428-4,Principal,Fundación,Privado,Institución Universitaria/Escuela Tecnológica,"Bogotá, D.C.","Bogotá, D.C.",Calle 46 No. 3-05,5737488,Resolución,MINISTERIO DE EDUCACION NACIONAL.,8530,06-06-1983,14,,www.unilatina.edu.co,N,,,,MISION
3720,3720,FUNDACION UNIVERSITARIA ESUMER,Activa,890981796-1,Principal,Fundación,Privado,Institución Universitaria/Escuela Tecnológica,Antioquia,Medellín,Calle 76  80-126 Carretera al Mar,2646011,Resolución,MINISTERIO DE EDUCACION NACIONAL,2389,12-05-1975,32,,www.esumer.edu.co,N,,,,"ESUMER ES UNA INSTITUCION SOCIAL DE EDUCACION SUPERIOR, QUE BAJO CRITERIOS DE COMPETITIVIDAD, SE ORIENTA AL DESARROLLO DE LAS CAPACIDADES HUMANAS Y PROFESIONALES DE LAS PERSONAS, A TRAVÉS DEL FOMENTO DEL CONOCIMIENTO CIENTÍFICO, ÉTICO, TECNOLÓGICO Y CULTURAL, QUE LOS CARACTERIZA COMO PERSONAS INTEGRALES Y ACTORES DEL PROCESO DE GLOBALIZACIÓN Y PRESERVACIÓN DEL MEDIO AMBIENTE, PARA APROPIARSE PROACTIVAMENTE DE SU RESPONSABILIDAD ANTE EL SECTOR PRODUCTIVO Y LA SOCIEDAD."
3723,3723,FUNDACIÓN EUROCOLOMBIANA DE EDUCACIÓN SUPERIOR - EUROCOL,Inactiva,830.091.538-0,Principal,Fundación,Privado,Institución Tecnológica,"Bogotá, D.C.","Bogotá, D.C.",Cra. 27 # 46-69,3408279,Resolución,MINISTERIO DE EDUCACION NACIONAL,1832,21-08-2001,,,www.eurocol.edu.co,N,,,,
3724,3724,INSTITUCION INTERNACIONAL DE ALTOS ESTUDIOS LEON COOPER,Activa,832.005.942-4,Principal,Fundación,Privado,Institución Tecnológica,"Bogotá, D.C.","Bogotá, D.C.",Carrera 16 #79-81 Edificio Eastern Tower,5088508,Resolución,MINISTERIO DE EDUCACION NACIONAL.,1833,21-08-2001,13,,https://iaecooper.co,N,,,,
3725,3725,FUNDACION DE EDUCACION SUPERIOR ALBERTO MERANI,Activa,900019885-1,Principal,Fundación,Privado,Institución Tecnológica,"Bogotá, D.C.","Bogotá, D.C.","Calle 73 # 20B-15 barrio San Felipe, Bogot¿.",5972742,Resolución,MINISTERIO DE EDUCACION NACIONAL,1327,20-04-2005,16,,www.tecnologicafusfa.edu.co,N,,,,
3801,3801,CORPORACION DE ESTUDIOS TECNOLOGICOS DEL NORTE DEL VALLE,Activa,891.401.313-4,Principal,Corporación,Privado,Institución Tecnológica,Valle del Cauca,Cartago,Calle 10  3-95,2111804,Resolución,GOBIERNO DEPARTAMENTAL DEL VALLE,3712,21-09-1971,19,,www.cotecnova.edu.co,N,,,,"SU POBLACION OBJETIVO ES ESENCIALMENTE LA QUE HABITA EN EL NORTE DEL VALLE, SIN EXCLUSION DE PERSONAS DE CUALQUIER LATITUD GEOGRAFICA Y CUYA FUNCION BASICA Y TRASCEDENTAL ES LA BUSQUEDA DEL DESARROLLO INTEGRAL DEL HOMBRE MEDIANTE SU FORMACION ETICA, CIENTIFICA, TECNICA, TECNOLOGICA, HUMANISTICA Y PEDAGOGICA; DE TAL FORMA QUE PUEDE INFLUIR VITALMENTE EN LA SOCIEDAD.  TAMBIEN ES PARTE DE LA MISION LA ARTICULACION DE LA INSTITUCION AL DESARROLLO SOCIAL MEDIANTE PROGRAMAS DE INVESTIGACION Y EXTENSION."
3802,3802,CORPORACIÓN TECNOLÓGICO SUPERIOR,Activa,890.982.606-5,Principal,Corporación,Privado,Institución Tecnológica,Antioquia,Medellín,Calle 48 No. 77 C ¿ 32,4440510,Resolución,MINISTERIO DE EDUCACION NACIONAL.,12571,20-12-1976,1,,www.tecnologicosuperior.edu.co,N,,,,
3803,3803,CORPORACION UNIVERSITARIA CENTRO SUPERIOR - UNICUCES,Activa,890.310.903,Principal,Corporación,Privado,Institución Universitaria/Escuela Tecnológica,Valle del Cauca,Santiago de Cali,Calle 14 Norte 8 - 35 Barrio Granada,6601011,Resolución,MINISTERIO DE EDUCACION NACIONAL.,7464,12-06-1978,15,,www.unicuces.edu.co,N,,,,MISION
3805,3805,INSTITUTO DE EDUCACION EMPRESARIAL-IDEE-,Inactiva,890.317.735-6,Principal,Corporación,Privado,Institución Tecnológica,Valle del Cauca,Santiago de Cali,"Calle 19 Norte 5AN 37, Barrio Versalles",4893450,Resolución,MINISTERIO DE EDUCACION NACIONAL,9872,13-09-1977,,,www.idee.edu.co,N,,,,"LA CORPORACION EDUCATIVA IDEE ES UNA INSTITUCION DE EDUCACION SUPERIOR ESTABLECIDA EN LA CIUDAD DE SANTIAGO DE CALI, QUE TIENE COMO MISION LA FORMACION INTEGRAL DE SUS EDUCANDOS, PROMOVIENDO EN ELLOS EL ESPIRITU CRITICO-REFLEXIVO, LA AUTONOMIA PERSONAL, LA LIBERTAD DE PENSAMIENTO Y LOS VALORES HUMANOS FUNDAMENTALES, APOYADOS EN LOS POSTULADOS DE LA FILOSOFIA HUMANISTA.
LA COROPORACION EDUCATIVA IDEE INTEGRA LA DOCENCIA, LA INVESTIGACION Y LA PROYECCION SOCIAL, A FIN DE LOGRAR QUE SUS EGRESADOS ALCANCEN UNA ALTA CALIDAD ACADEMICA PROFESIONAL, ACORDE CON LOS PRINCIPIOS Y OBJETIVOS ESTABLECIDOS POR LAS LEYES QUE RIGEN LA EDUCACION SUPERIOR.
COMO INSTITUCION DE CREACION Y DIFUSION DEL CONOCIMIENTO, ESTA ABIERTA A LAS DIEFERENTES CORRIENTES DE PENSAMIENTO Y ALOS AVANCES DE LA CIENCIA Y LA TECNOLOGIA.
COMO INSTITUCION EDUCATIVA DE SERVICIO PUBLICO CULTURAL, AYUDARA A BUSCAR SOLUCIONES A LOS PROBLEMAS DE LA COMUNIDAD LOCAL, REGIONAL Y NACIONAL, MEDIANTE LA PARTICIPACION ACTIVA DE SUS ESTAMENTOS ADMINISTRATIVOS, DOCENTES Y ESTUDIANTILES."
3806,3806,CORPORACION ESCUELA SUPERIOR DE ADMINISTRACION Y ESTUDIOS TECNOLOGICOS- EAE,Activa,890309555-3,Principal,Corporación,Privado,Institución Tecnológica,Valle del Cauca,Santiago de Cali,Avenida 6N No. 23DN-16 Barrio Versalles,6679911,Resolución,MINISTERIO DE EDUCACION NACIONAL.,4158,09-07-1975,5,,www.eae.edu.co,N,,,,* *
3807,3807,ESCUELA DE TECNOLOGIAS DE ANTIOQUIA -ETA-,Activa,890.981.721-1,Principal,Corporación,Privado,Institución Tecnológica,Antioquia,Medellín,Carrera 80B No. 32EE-61,4445016,Resolución,MINISTERIO DE EDUCACION NACIONAL.,3745,25-06-1975,5,,www.etdea.edu.co,N,,,,"PREPARAR Y FORMAR PROFESIONALES ¿NTEGROS, ID¿NEOS Y CON ESP¿RITU CR¿TICO, CON CONOCIMIENTOS INTEGRALES, PR¿CTICOS Y DE CALIDAD EN ¿REAS ESPEC¿FICAS DEL SABER, INCULCANDO VALORES ¿TICOS QUE ESTIMULEN Y POTENCIALICEN SU DESARROLLO PERSONAL Y PROFESIONAL COMO APORTE AL MEJORAMIENTO DE LAS CONDICIONES DE VIDA Y AL PROGRESO ECON¿MICO Y SOCIAL DEL PA¿S"
3808,3808,CORPORACION TECNOLOGICA DE BOGOTA - CTB,Activa,860.404.351-5,Principal,Corporación,Privado,Institución Tecnológica,"Bogotá, D.C.","Bogotá, D.C.",Carrera 21 53D-35,3483061,Resolución,MINISTERIO DE EDUCACION NACIONAL.,6271,10-05-1983,8,,www.ctb.edu.co,N,,,,"FORMAR AL HOMBRE PARA EL MUNDO PRESENTE Y FUTURO:EL HOMBRE COMO TAL;LA FORMACION DE SE RAZON Y DE SU LOGICA;EL NIVEL DE CONOCIMIENTO Y DE MORAL QUE TENGA EL HOMBRE;BUSCANDO EL DESARROLO DE RECURSOSHUMANOS PARA LA SOCIEDAD, LA EMPRESA Y LA INDUSTRIAEN GENERAL PREPARANDO TECNOLOGOS, PROFESIONALES Y ESPECIALISTAS DE LA QUIMICA INDUSTRIAL,REGENCIA DE FARMACIA,LOS SISTEMAS Y DEMAS PROFESIONESY DICIPLINAS DEL SABER,IMBUIDOS EN EL HUMANISMO CIENTIFICO,PROPICIANDO EL DESARROLLO DE LA CREATIVIDAD,LA FORMACION INTEGRAL CON COMPROMISO Y REPONSABILIDAD SOCIAL,QUE SEAN CAPACES DE DESENPE?ANSE OPTIMAMENTEEN CUALQUIER SITUACION Y SOBRESALIR EN LAS DIFICILES CONDICIONES ECONOMICAS, LABORALES,SOCIALES Y FAMILIARES EN LAS QUE EL PAIS SE ENCUENTRE; DENTRO DE UNA CONCIENCIA COSMICA EN CONSANANCIA CON LA CONSERVACION DEL MEDIO AMBIENTE Y ECOLOGICO Y EL PODER DE LA INVESTIGACION CIENTIFICA Y TECNOLOGICA."
3809,3809,INSTITUTO SUPERIOR DE CIENCIAS SOCIALES Y ECONOMICO FAMILIARES-ICSEF-,Activa,860.032.286-7,Principal,Corporación,Privado,Institución Tecnológica,Cundinamarca,Fusagasugá,Vereda Usatama Finca Torreblanca,3134568263,Resolución,MINISTERIO DE JUSTICIA,1667,15-06-1971,9,,www.icsef.edu.co,N,,,,* *
3810,3810,CORPORACION EDUCATIVA -ITAE-,Activa,890.203.706-2,Principal,Corporación,Privado,Institución Tecnológica,Santander,Bucaramanga,Calle de los Estudiantes  10-20 Ciudadela,6445323,Resolución,GOBIERNO DEPARTAMENTAL DE SANTANDER.,41,08-03-1972,8,,www.itae.edu.co,N,,,,"SU MISIÓN SINTETIZA SU ACCIONAR Y PRETENDE:

FORMAR PROFESIONALES INTELECTUALMENTE COMPETENTES, EN EL ÁMBITO DE PREGRADO COMO TÉCNICOS PROFESIONALES O COMO TECNÓLOGOS SEGÚN EL NIVEL DEL PROGRAMA, IMPARTIENDO UNA EDUCACIÓN CON PRINCIPIOS CONSERVADORES, DEMOCRÁTICOS Y CATÓLICOS, RECONOCIENDO A DIOS COMO FUNDAMENTO DE TODAS LAS COSAS Y LA FAMILIA COMO LA ESENCIA DE TODA SOCIEDAD.

BUSCA CREAR UNA CULTURA CIENTÍFICA, ANTIDOGMÁTICA Y TOLERANTE QUE ORIENTE LOS PROCESOS DE EDUCACIÓN Y DIVULGACIÓN DE NUEVO CONOCIMIENTO, PROPONIENDO LOS CRITERIOS Y LAS NORMAS FUNDAMENTALES QUE GUÍEN LOS PROYECTOS DE APERTURA DE INFORMACIÓN E INVESTIGACIÓN QUE GENEREN LOS DOCENTES Y ESTUDIANTES DE LA CORPORACIÓN EDUCATIVA ITAE BUSCANDO ASÍ EL CRECIMIENTO DE LA INSTITUCIÓN EN PRO DE LA SOLIDEZ CIENTÍFICA QUE NUESTRA REGIÓN DEL ORIENTE DEL PAÍS REQUIERE.

LUCHA POR FOMENTAR EL AVANCE DEL CONOCIMIENTO Y EN ESPECIAL SUS APLICACIONES DANDO PRIORIDAD A LAS TECNOLOGÍAS DIRIGIDAS A LA SATISFACCIÓN DE LAS NECESIDADES BÁSICAS DE LA POBLACIÓN Y AL AUMENTO DE LA PRODUCTIVIDAD Y CONSECUCIÓN DE LA COMPETITIVIDAD INTERNACIONAL DEL APARATO PRODUCTIVO REGIONAL Y NACIONAL SEGÚN EL CASO, Y DE ESTA FORMA ENRIQUECER EL PERFIL PERSONAL DE LOS QUE EN ÉL PARTICIPAN, MEJORANDO PRIMORDIALMENTE EL NIVEL DE VIDA DE LOS HABITANTES DE NUESTRA REGIÓN.&quot;

ITAE CONSIDERA LA LABOR INVESTIGATIVA DESARROLLADA EN EL CAMPO DE LA EDUCACIÓN SUPERIOR, NO SOLO NECESARIA SINO PRIORITARIA PARA EL DESARROLLO INSTITUCIONAL Y REGIONAL.  POR CONSIGUIENTE TODA LA COMUNIDAD EDUCATIVA, DESDE SUS CUADROS DIRECTIVOS PASANDO POR SU PERSONAL ADMINISTRATIVO, ACADÉMICO Y ESTUDIANTIL SE ENCUENTRA INVOLUCRADO EN ESTE CAMPO.

PROFESIONALES CON ESPÍRITU Y DECISIÓN INVESTIGATIVA QUE GENEREN CRECIMIENTO Y DESARROLLO PERSONAL PROYECTADOS AL PROGRESO REGIONAL Y NACIONAL, SON LOS QUE GRADÚA LA CORPORACIÓN EDUCATIVA ITAE."
3811,3811,CORPORACION DE EDUCACION DEL NORTE DEL TOLIMA - COREDUCACION,Activa,890.704.562-9,Principal,Corporación,Privado,Institución Tecnológica,Tolima,Honda,Calle 10 #29-93/33 Barrio El Reposo,2513266,Resolución,MINISTERIO DE EDUCACION NACIONAL,9702,08-07-1981,8,1,www.coreducacion.edu.co,N,,,,"SER UNA INSTITUCIÓN DE EDUCACIÓN SUPERIOR QUE PROPICIA PROGRAMAS ALTA CALIDAD A TRAVÉS DE SU TALENTO HUMANO Y SU INFRAESTRUCTURA FÍSICA A LA POBLACIÓN DEL MAGDALENA MEDIO Y SU ÁREA DE INFLUENCIA PARA DESARROLLAR LA CUALIFICACION UNIVERSITARIA, CON LA EXCELENCIA REQUERIDA, CON LA VOLUNTAD DE SER COMPETITIVOS Y LIDERES EN SU PROFESION Y PROMOVER EN INTERACTUACIÓN CON EL TERRITORIO, EL SECTOR PUBLICO Y LA EMPRESA PRIVADA, POR MEDIO DE LA DOCENCIA LA INVESTIGACIÓN Y LA EXTENSIÓN, UNA SITUACIÓN DE CAMBIO QUE PERMITA LA TRANSFORMACION DE LA REGION EN LO ECONÓMICO, SOCIAL, CULTURAL Y ECOLÓGICO, BUSCANDO UN DESARROLLO SOSTENIBLE."
3812,3812,INSTITUCION UNIVERSITARIA MARCO FIDEL SUAREZ - IUMAFIS,Activa,890.985.856-3,Principal,Corporación,Privado,Institución Universitaria/Escuela Tecnológica,Antioquia,Bello,Calle 48  50-30,4500040,Resolución,MINISTERIO DE EDUCACION NACIONAL,5060,20-05-1986,21,,www.pmfs.edu.co,N,,,,"|FORMAR EN LAS DISTINTAS AREAS DEL SABER HOMBRES HONESTOS, RESPONSABLES, CRITICOS Y CREADORES, CAPACES DE VIVIR Y COMPARTIR EN COMUNIDAD CON CAPACIDAD, HABILIDAD Y APTITUD INVESTIGADORA; CON  SENTIDO SOCIAL Y CON INTERES PERMANENTE POR CRECER CADA DIA COMO PERSONAS, COMO FAMILIA Y COMO SOCIEDAD."
3817,3817,CORPORACION UNIVERSITARIA AUTONOMA DE NARIÑO -AUNAR-,Activa,NO INFORMA,Principal,Corporación,Privado,Institución Universitaria/Escuela Tecnológica,Nariño,Pasto,Calle 19  27-80,232452,Resolución,MINISTERIO DE EDUCACION NACIONAL,1054,01-02-1983,22,,www.aunar.edu.co,N,,,,"LA AUTONOMA DE NARI?O &quot;AUNAR&quot; ES UNA INSTITUCION DE EDUCACION SUPERIOR COMPROMETIDA CON LA CULTURA, LA CIENCIA Y LA INVESTIGACION, LA EXCELENCIA EN LA FORMACION DE PROFESIONALES INTEGROS Y EL LIDERAZGO EN EL DESARROLLO SOCIAL."
3819,3819,CORPORACION TECNOLOGICA INDUSTRIAL COLOMBIANA - TEINCO,Activa,800.003.963-5,Principal,Corporación,Privado,Institución Tecnológica,"Bogotá, D.C.","Bogotá, D.C.",Avenida Calle 63 #22-39,4856565,Resolución,MINISTERIO DE EDUCACION NACIONAL,1048,16-02-1987,27,,www.teinco.edu.co,N,,,,"LA CORPORACION TECNOLOGICA INDUSTRIAL COLOMBIANA, ES UNA INSTITUCION DE EDUCACION SUPERIOR, PRIVADA, SIN ANIMO DE LUCRO, QUE PROPENDE POR LA BUSQUEDA DEL DESARROLLO HUMANO, CON EL APORTE DE DOCENTES Y DIRECTIVOS, CREANDO UNA CULTURA  INSTITUCIONAL AUTOCTONA Y PERSONALIZADA .  
MEDIANTE SUS VALORES DE ARMONIA, CALIDAD Y SERVICIO SE EVALUA EL ENTORNO CAMBIANTE PARA DINAMIZAR EL PROCESO DE ENSE¿ANZA APRENDIZAJE , INTRODUCIENDO CONOCIMIENTOS Y ESTRATEGIAS ACTUALES, QUE ABORDEN DE MANERA DIRECTA LA FORMACION INTEGRAL DEL TECNOLOGO PARA QUE SATISFAGA SUS ESPECTATIVAS. FORMANDO UN PROFESIONAL CON CAPACIDAD DE ANALISIS, REFLEXION, CRITICA, INGENIO Y CREATIVIDAD COMO CONSTANTES IMPULSORAS DE NUEVAS ACTIVIDADES, DE ADPTACION Y MODIFICACION DEL CONOCIMIENTO TECNOLOGICO Y CIENTIFICO; CONVIRTIENDONOS EN FACTOR DECISIVO EN LA MODERNIZACION , ASESORIAY CAPACITACION PARA LOS SECTORES INDUSTRIAL, COMERCIAL Y DE SERVICIOS."
3820,3820,CORPORACION ACADEMIA TECNOLOGICA DE COLOMBIA -ATEC-,Activa,NO INFORMA,Principal,Corporación,Privado,Institución Tecnológica,Antioquia,Medellín,Carrera 42  47-82 Centro,2171005,Resolución,MINISTERIO DE EDUCACION NACIONAL,13298,24-10-1986,2,,www.atec.edu.co,N,,,,"ES MISION DE LA CORPORACION ACADEMIA TECNOLOGICA DE COLOMBIA &quot;ATEC&quot;:

- BUSCA LA FORMACIÓN INTEGRAL DEL HOMBRE Y FOMENTA SU MEJORAMIENTO CONTINUO MEDIANTE EL PERFECCIONAMIENTO DE MÉTODOS PEDAGÓGICOS EN DISTINTOS CAMPOS DEL CONOCIMIENTO,APORTANDO ASÍ ELEMENTOS PARA ELEVAR EL NIVEL DE LA EDUCACIÓN SUPERIOR DINAMIZANDO LO CIENTÍFICO PARA DESCUBRIR E INTERPRETAR LA REALIDAD SIEMPRE EN BENEFICIO DE LA SOCIEDAD"
3821,3821,CORPORACION UNIVERSITARIA POLITECNICO COSTA ATLANTICA,Activa,800.036.652-1,Principal,Corporación,Privado,Institución Universitaria/Escuela Tecnológica,Atlántico,Barranquilla,Cra. 38 No. 79A-167 Claustro de Santa Bernardita,3361800,Resolución,MINISTERIO DE EDUCACION NACIONAL,5814,24-05-1988,33,,www.pca.edu.co,N,,,,"CREAR LAS CONDICIONES PROPICIAS PARA EL DESARROLLO DE UNA ACTIVIDAD COGNOSCITIVA, BASICA Y FLEXIBLE QUE PERMITA LA FORMACION DE UNA PERSONA INTEGRAL, CON ESPIRITU CRITICO, REFLEXIVO E INNOVADOR; CON FUNDAMENTOS SOLIDOS EN EL CAMPO DE LA CIENCIA Y LA TECNOLOGIA, A TRAVES DE UN MODELO PEDAGOGICO TEORICO - PRATICO Y MEDIANTE EL SISTEMA DE EDUCACION POR CICLOS; QUE ESTE A TONO CON LAS EXIGENCIAS DE MODERNISMO, PRODUCTIVIDAD, COMPETITIVIDAD Y EFICIENCIA, CONSCIENTE DE SUS DEBERES Y RESPONSABILIDADES SOCIALES Y POR LO TANTO CAPAZ DE PARTICIPAR ACTIVAMENTE EN LA SOLUCION DE PROBLEMAS CONCRETOS DE LA SOCIEDAD; Y APTA PARA COADYUVAR EN EL PROGRESO DE LA REGION CARIBE COLOMBIANA Y DEL PAIS."
3822,3822,POLITECNICO ICAFT,Activa,800029090-1,Principal,Corporación,Privado,Institución Tecnológica,"Bogotá, D.C.","Bogotá, D.C.",Calle 13 No.68D-60,3196383077,Resolución,MINISTERIO DE EDUCACION NACIONAL.,1643,02-03-1988,6,,www.icaft.edu.co,N,,,,"CONSISTE EN FACILITAR LA ENSE¿ANZA DE PROGRAMAS EN LA MODALIDAD TECNOL¿GICA, A TRAV¿S DE UN SISTEMA PEDAG¿GICO TE¿RICO-PR¿CTICO, QUE PERMITA LA CAPACITACI¿N DE TECN¿LOGOS ID¿NEOS QUE TENGAN DOMINIO DE LA LENGUA ALEMANA E INGLESA."
3823,3823,UNION AMERICANA DE EDUCACION SUPERIOR- UNION AMERICANA,Inactiva,800.042.129-3,Principal,Corporación,Privado,Institución Tecnológica,"Bogotá, D.C.","Bogotá, D.C.",Carrera 14A 57-43,7030040,Resolución,MINISTERIO DE EDUCACION NACIONAL.,2214,18-03-1988,,,http://unaes.edu.co/,N,,,,"EN VIRTUD DE SU MISION EDUCADORA Y MEDIANTE EL EJERCICIO DE LA RAZON, IMPULSAR LA REALIZACION DE UN PROYECTO EDUCATIVO INSTITUCIONAL EN ESTRECHO CONTACTO CON LA COMUNIDAD Y LA REALIDAD SOCIAL QUE GESTE EN LOS EDUCANTOS ESPACIOS DE CAMBIO CON SENTIDO DE FRATERNIDAD Y SERVICIO EN PROCURA DE RESPUESTAS ADECUADAS A LAS NECESIDADES."
3824,3824,CENTRO DE CONOCIMIENTO ALEJANDRÍA - ALEJANDRÍA,Activa,800.113.262-0,Principal,Corporación,Privado,Institución Tecnológica,"Bogotá, D.C.","Bogotá, D.C.",Calle 16 # 7-76,7434541,Resolución,MINISTERIO DE EDUCACION NACIONAL.,9121,11-07-1990,5,,www.eciem.edu.co,N,,,,"OFRECER PROGRAMAS DE EDUCACI¿N SUPERIOR TECNOL¿GICA DE PREGRADO, POSTGRADO, PROGRAMAS DE EXTENSI¿N E INVESTIGACI¿N QUE SATISFAGAN LAS NECESIDADES DE FORMACI¿N DE LA POBLACI¿N Y DEL SECTOR EMPRESARIAL COLOMBIANO, EN OCUPACIONES Y DISCIPLINAS DE BASE CIENT¿FICA Y DE HUMANIDADES."
3826,3826,CORPORACION INTERNACIONAL PARA EL DESARROLLO EDUCATIVO -CIDE-,Activa,860.053.914-4,Principal,Corporación,Privado,Institución Tecnológica,"Bogotá, D.C.","Bogotá, D.C.",Calle 41  27A-56 La Soledad,3689618,Resolución,MINISTERIO DE JUSTICIA,1567,25-03-1977,34,,www.cide.edu.co,N,,,,"CIDE SE HA PLANTEADO COMO MISION: LA SATISFACCION PERMANENTE DE NECESIDADES DE EDUCACION SUPERIOR, A PERSONAS INTERESADAS EN APRENDER A APRENDER SABERES Y HACERES CON FORMACION INTEGRAL E INVESTIGACION; PRESERVANDO, ENRIQUECIENDO, RECREANDO, TRANSMITIENDO Y DIFUNDIENDO LA CULTURA, CON ENFASIS EN LAS CIENCIAS APLICADAS SIGNIFICATIVAS PARA CONSTRUIR DESARROLLO HUMANO AUTOSOSTENIDO BAJO LOS PRINCIPIOS Y FUNDAMENTOS DE LA ETICA CRISTIANA, Y SOPORTADA EN EL SERVICIO A LA COMUNIDAD, EN LA CIENCIA, EN LA FILOSOFIA, LAS HUMANIDADES, LAS ARTES Y LAS TECNICAS."
3827,3827,POLITECNICO SANTAFE DE BOGOTA,Activa,860070298-7,Principal,Corporación,Privado,Institución Tecnológica,"Bogotá, D.C.","Bogotá, D.C.",Transversal 18 A Bis N¿ 37 - 11,3209056263,Resolución,MINISTERIO DE EDUCACION NACIONAL,9097,04-06-1979,15,,www.psb.edu.co,N,,,,MISION
3828,3828,CORPORACION TECNOLOGICA DE EDUCACION SUPERIOR SAPIENZA CTE,Activa,805.001.162-1,Principal,Corporación,Privado,Institución Tecnológica,"Bogotá, D.C.","Bogotá, D.C.",Carrera 14 A N. 71 - 29 BARRIOS UNIDOS,2650657,Resolución,MINISTERIO DE EDUCACION NACIONAL.,5050,22-09-1993,3,,www.sapienza.edu.co,N,,,,MISION
3829,3829,CORPORACIÓN JOHN F. KENNEDY,Activa,800210541-6,Principal,Corporación,Privado,Institución Tecnológica,"Bogotá, D.C.","Bogotá, D.C.",calle 52 No 22 - 50,2451333,Resolución,MINISTERIO DE EDUCACION NACIONAL,5460,01-10-1993,,,www.jfk.edu.co,N,,,,MISION
3830,3830,CORPORACION UNIVERSAL DE INVESTIGACION Y TECNOLOGIA -CORUNIVERSITEC-,Activa,860.514.382-5,Principal,Corporación,Privado,Institución Tecnológica,"Bogotá, D.C.","Bogotá, D.C.",Calle 34  15-36,5780330,Resolución,MINISTERIO DE EDUCACION NACIONAL,2286,21-02-1983,11,,www.coruniversitec.edu.co,N,,,,"CORUNIVERSITEC COMO INSTITUCION DE EDUCACION TECNOLOGICA SE PROPONE TRABAJAR POR LA FORMACION INTEGRAL E INVESTIGACION APLICADA, BASADA EN LOS EN LOS CURRICULOS PARA FORTALECER SU CONDICION DE INSTITUCION INTERDISCIPLINARIA COMPROMETIDA CON LA CAPACITACION DE LOS PROTAGONISTAS DEL CAMBIO QUE GARANTICEN EL DESARROLLO SOSTENIBLE DEL PAIS."
3831,3831,CORPORACION UNIVERSITARIA COMFACAUCA - UNICOMFACAUCA,Activa,817.004.535,Principal,Corporación,Privado,Institución Universitaria/Escuela Tecnológica,Cauca,Popayán,Calle 4   No. 8 - 30,8220517,Resolución,MINISTERIO DE EDUCACION NACIONAL,597,02-04-2001,22,2,www.unicomfacauca.edu.co,S,29-06-2022,12513,4,
3832,3832,CORPORACION TECNOLOGICA  SUPERIOR SIGLO  XXI,Inactiva,812.005.728-1,Principal,Corporación,Privado,Institución Tecnológica,Córdoba,Cereté,Calle 9 9B-27 Barrio Santa Clara,7745524,Resolución,MINISTERIO DE EDUCACION NACIONAL.,1027,19-03-2007,,,No disponible,N,,,,
3833,3833,CORPORACION TECNOLOGICO COPACABANA - TECO -,Inactiva,811029934-2,Principal,Corporación,Privado,Institución Tecnológica,Antioquia,Copacabana,Calle 50 39-203 Barrio El Mojón,4534666,Resolución,MINISTERIO DE EDUCACION NACIONAL.,1859,19-03-2007,,,No disponible,N,,,,
3834,3834,CORPORACION TECNOLOGICA CATOLICA DE OCCIDENTE - TECOC -,Activa,811.039.347-1,Principal,Corporación,Privado,Institución Tecnológica,Antioquia,Santa Fé de Antioquia,Calle 20  5-07  Llano de Bolivar,8533489,Resolución,MINISTERIO DE EDUCACION NACIONAL.,44,17-01-2002,2,,No disponible,N,,,,SIN DEFINIR
3901,3901,ESCUELA DE FORMACION DE INFANTERIA DE MARINA,Activa,800141688,Principal,Nacional,Oficial,Institución Tecnológica,Sucre,Coveñas,"Carretera Troncal vía Lorica, Coveñas - Sucre",2880265,No informa,SIN DATO,SIN DATO,19-03-2007,5,,www.armada.mil.co,S,14-02-2025,2552,6,NO INFORMA
3902,3902,ESCUELA  MILITAR DE SUBOFICIALES SARGENTO INOCENCIO CHINCA,Activa,808000211-9,Principal,Nacional,Oficial,Institución Tecnológica,Cundinamarca,Nilo,Fuerte Militar de Tolemaida km 1 Bogot¿ - Girardot,8383002,No informa,SIN DATO,SIN DATO,19-03-2007,5,,www.emsub.edu.co,N,,,,"FORMAR UN L¿DER CON PRINCIPIOS Y VALORES QUE COMO FUTURO SUBOFICIAL DEL EJ¿RCITO, EST¿ EN CAPACIDAD DE COMANDAR, CONDUCIR, INSTRUIR Y ADMINISTRAR CON EFICIENCIA Y EFICACIA UNA ESCUADRA DE COMBATE."
4101,4101,INSTITUTO DE EDUCACION TECNICA PROFESIONAL DE ROLDANILLO,Activa,891.902.811-0,Principal,Departamental,Oficial,Institución Técnica Profesional,Valle del Cauca,Roldanillo,Carrera 7 10-20 Roldanillo,2298586,Decreto,Gobierno Nacional.,1093,17-05-1979,45,,www.intep.edu.co,N,,,,"NUESTRA INSTITUCION ES UN LUGAR DE ENCUENTRO DE SABERES PARA LA SOCIEDAD, QUE PERMITIRA LA FORMACION UNIVERSAL, INTEGRAL DE PROFESIONALES, PARA QUE LIDEREN EL DESARROLLO LOCAL, REGIONAL Y NACIONAL."
4102,4102,INSTITUTO NACIONAL DE FORMACION TECNICA PROFESIONAL DE SAN JUAN DEL CESAR,Activa,860.402.193-9,Principal,Nacional,Oficial,Institución Técnica Profesional,La Guajira,San Juan del Cesar,Carrera 13 7A-61 Barrio 20 de Julio,7740098,Decreto,Gobierno Nacional.,1098,17-03-1979,16,,www.infotep.edu.co,N,,,,* *
4106,4106,INSTITUTO NACIONAL DE FORMACION TECNICA PROFESIONAL DE SAN ANDRES Y PROVIDENCIA - INFOTEP,Activa,892.400.461.5,Principal,Nacional,Oficial,Institución Técnica Profesional,"Archipiélago de San Andrés, Providencia y Santa Catalina",San Andrés,Barrio Sarie Bay con Av. Colombia,5125916,Decreto,Gobierno Nacional,176,29-01-1980,35,1,www.infotepsai.edu.co,N,,,,"EL INSTITUTO NACIONAL DE FORMACION TECNICA PROFESIONAL ES UN ESTABLECIMIENTO PUBLICO DE EDUCACION SUPERIOR DESTINADO A LIDERAR LA FORMACION TECNICA DEL RECURSO HUMANO PARA EL DEPARTAMENTO ARCHIPI¿LAGO DE SAN ANDR¿S, PROVIDENCIA Y SANTA CATALINA, GENERANDO EL CONOCIMIENTO CIENTIFICO A PARTIR DE UN SABER PREVIO DE LOS ESTUDIANTES; PROPICIAR¿ A SU VEZ LA CONSTRUCCI¿N, VIVIFICACI¿N Y CONSOLIDACI¿N DE VALORES DESARROLLANDO EN EL HOMBRE ACTITUDES DE LIDERAZGO, CAPACIDAD GERENCIAL, SENTIDO DE COMPROMISO, ESP¿RITU DE SERVICIO Y CONSERVACI¿N DE SUS TRADICIONES CULTURALES."
4107,4107,UNIDAD TÉCNICA PARA EL DESARROLLO PROFESIONAL - UTEDÉ,Activa,800.124.023-4,Principal,Municipal,Oficial,Institución Técnica Profesional,Valle del Cauca,Guadalajara de Buga,Carrera 13   Calle 26C,2360673,Decreto,Gobierno Nacional.,603,14-03-1966,17,,www.ita.edu.co,N,,,,"NUESTRA INSTITUCI¿N ES UN ESTABLECIMIENTO P¿BLICO DE EDUCACI¿N SUPERIOR QUE OFRECE PROGRAMAS T¿CNICOS Y TENOL¿GICOS EN CONVENIO,  A ESTUDIANTES DE LA CIUDAD Y DE SU ZONA DE INFLUENCIA.

SU MISI¿N ES BRINDAR UN SERVICIO DE CALIDAD PARA EL DESARROLLO INTEGRAL DE LA COMUNIDAD EDUCATIVA, BUSCANDO PRODUCIR, TRANSFERIR Y DIFUNDIR EL CONOCIMIENTO HUMAN¿STICO, TECNOL¿GICO Y CIENT¿FICO, CONTANDO PARA ELLO CON RECURSO HUMANO ID¿NEO, MOTIVADO Y COMPROMETIDO CON LOS OBJETIVOS DE LA INSTITUCI¿N."
4108,4108,ESCUELA TECNOLOGICA INSTITUTO TECNICO CENTRAL,Activa,860.523.694-6,Principal,Nacional,Oficial,Institución Universitaria/Escuela Tecnológica,"Bogotá, D.C.","Bogotá, D.C.",Calle 13 No.16-74,3443000,Decreto,Gobierno Nacional,146,09-02-1905,22,1,www.itc.edu.co,N,,,,MISION
4109,4109,INSTITUTO TECNICO NACIONAL DE COMERCIO SIMON RODRIGUEZ - INTENALCO,Activa,800.248.004-7,Principal,Nacional,Oficial,Institución Técnica Profesional,Valle del Cauca,Santiago de Cali,Avenida 4 Norte # 34AN-18 Barrio Prados de¿ Norte Comuna No 02,6553333,Resolución,Ministerio de Educacion Nacional.,20500,16-11-1979,17,,www.intenalco.edu.co,N,,,,"INTENALCO, ES UNA ORGANIZACI¿N DEL ESTADO QUE FORMA PROFESIONALES  NIVEL TECNICO CON EXCELENTES BASES ACAD¿MICAS EN EL ¿REA DEL COMERCIO, CAPACITANDO PARA LA EMPRESA, CON VISION FUTURISTA, CON GRANDES VALORES ¿TICOS Y HUMANOS, AUT¿NOMOS Y PERSEVERANTES, , CAPACES DE ASUMIR EL RIESGO DEFENDIENDO SUS DERECHOS, RESPETANDO LOS DE LOS DEM¿S Y FOMENTANDO LA PRESERVACI¿N DEL MEDIO AMBIENTE."
4110,4110,INSTITUCION UNIVERSITARIA DE EL ESPINAL - UNIESPINAL,Activa,800.173.719-0,Principal,Nacional,Oficial,Institución Universitaria/Escuela Tecnológica,Tolima,Espinal,Calle 18 Carrera 1a,2483501,Decreto,Gobierno Nacional.,3462,24-12-1980,32,6,www.itfip.edu.co,N,,,,"FORMAR TECNICOS PROFESIONALES MEDIANTE PROCESOS EDUCATIVOS CALIFICADOS EN LA INVESTIGACION, LA TECNOLOGIA Y LA EXTENSION PARA CONTRIBUIR AL DESARROLLO DEL DEPARTAMENTO DEL TOLIMA Y DEL PAIS."
4111,4111,INSTITUCIÓN UNIVERSITARIA DEL CARIBE,Activa,891.701.932-0,Principal,Departamental,Oficial,Institución Universitaria/Escuela Tecnológica,Magdalena,Ciénaga,Calle 10 12-22 Plaza del Centenario,4240800,Decreto,Gobierno Nacional.,3506,10-12-1981,37,,www.infotephvg.edu.co,N,,,,"EL INFOTEP, SE CONSTITUYE EN UN ESPACIO ACADEMICO, ADMINISTRATIVO E INVESTIGATIVO CON SENTIDO ABIERTO Y UNIVERSAL, PROPICIANDO LA FORMACION DE CIUDADANOS HACIA UNA INTEGRALIDAD PARA EL FORTALECIMIENTO DE SUS VALORES. GENERADOR DE CONOCIMIENTOS CRITICOS QUE PERMITAN INTERPRETAR, COMPRENDER, Y TRANSFORMAR LA REALIDAD SOCIAL, ECONOMICA, POLITICA, ECOLOGICA Y CULTURAL A TRAVES DE SUS PROGRAMAS,  LICENCIATURAS EN EDUCACION, TECNICOS EN CIENCIAS CONTABLES Y CIENCIAS AGROPECUARIAS."
4112,4112,COLEGIO INTEGRADO NACIONAL ORIENTE DE CALDAS - IES CINOC,Activa,890.802.678-4,Principal,Departamental,Oficial,Institución Técnica Profesional,Caldas,Pensilvania,Carrera 5 # 6-30,8555118,Decreto,Gobierno Nacional,37,08-01-1985,36,,www.iescinoc.edu.co,N,,,,"FORMAR, A TRAV¿S DE LOS PROCESOS DE EDUCACI¿N PERMANENTE, EL RECURSO HUMANO REQUERIDO PARA EL DESARROLLO TECNOL¿GICO DE CALDAS Y DEL PA¿S, BRINDANDO LA OPORTUNIDAD DE ACCESO A LA CIENCIA Y A LA TECNOLOG¿A A HABITANTES PROVENIENTES DE ZONAS URBANAS Y RURALES APARTADAS DE LOS GRANDES CENTROS DE DESARROLLO ECON¿MICO Y SOCIAL.   EL EGRESADO SER¿ U N PROFESIONAL COMPETITIVO Y COMPETENTE, CR¿TICO Y AUTOCR¿TICO, CREATIVO E INNOVADOR, PARTICIPATIVO Y TOLERANTE, DEMOCR¿TICO Y AUT¿NOMO Y CAPAZ DE LIDERAR LOS PROCESOS DE CAMBIO."
4301,4301,UNIDAD TECNICA PROFESIONAL DE SEVILLA-UNITEPS-,Activa,NO INFORMA,Principal,Municipal,Oficial,Institución Técnica Profesional,Valle del Cauca,Sevilla,Calle 51 No. 48 - 31,2198444,Acuerdo,Concejo Municipal,11,05-12-1980,,,uniteps@col2.telecom.com.co,N,,,,"LA UNITEPS PROPENDE POR LA INTEGRACION DEL CAMPO ACADEMICO CON EL HUMANISTICO, A FIN DE QUE LOS FUTUROS PROFESIONALES EGRESADOS DE ESTA INSTITUCION, ASUMAN UNA VERDADERA ACTITUD PARTICIPATIVA Y DE LIDERAZGO QUE APUNTE HACIA EL DESARROLLO SOCIAL, ECONOMICO Y CULTURAL DE SU COMUNIDAD, EN ARMONIA CON LA ETICA, LA MORAL, LA CONVIVENCIA SOCIAL, EL PROFESIONALISMO Y EL RECONOCIMIENTO DE CAPACIDADES PARA CONTRIBUIR EN LA SOLUCION DE PROBLEMAS REALES DENTRO DEL MARCO DE LIBRE PENSAMIENTO."
4701,4701,FUNDACION ACADEMIA DE DIBUJO PROFESIONAL,Activa,NO INFORMA,Principal,Fundación,Privado,Institución Técnica Profesional,Valle del Cauca,Santiago de Cali,Calle 27 Norte No. 6BN-50,6874100,Resolución,MINISTERIO DE EDUCACION NACIONAL.,18638,19-11-1984,10,,www.fadp.edu.co,N,,,,"APLICAR EL SABER CIENTÍFICO GARANTIZANDO UNA FORMACIÓN INTEGRAL, MEDIANTE ACTIVIDADES ACADÉMICAS CON ALTOS NIVELES DE CREATIVIDAD Y CONCIENCIA SOCIAL, QUE LE PERMITA A LA NUEVA FUERZA DE TRABAJO EN LA SOCIEDAD, INCREMENTAR LA PRODUCTIVIDAD CON CALIDAD Y EFICIENCIA EN LOS CAMPOS DE CIENCIA, LA TÉCNICA, LA TECNOLOGIA, LAS ARTES, LAS HUMANIDADES Y LOS VALORES, MOTIVÁNDOLOS Y SENSIBILIZÁNDOLOS AL APROVECHAMIENTO DE SUS CAPACIDADES PARA MEJORAR SU NIVEL Y CALIDAD DE VIDA Y VINCULÁNDOLOS DE UNA MANERA MÁS EFECTIVA CON LA REALIDAD DEL PAÍS, COMPROMETIDO CON EL BIENESTAR Y PROGRESO DE LA SOCIEDAD Y EL AVANCE DE SU PROFESION."
4702,4702,FUNDACION DE EDUCACION SUPERIOR SAN JOSE -FESSANJOSE-,Activa,860.524.219-5,Principal,Fundación,Privado,Institución Tecnológica,"Bogotá, D.C.","Bogotá, D.C.",Calle  67   14A-29,3470000,Resolución,MINISTERIO DE EDUCACION NACIONAL.,14878,05-10-1984,47,,No disponible,N,,,,* *
4704,4704,FUNDACION PARA LA EDUCACION SUPERIOR REAL DE COLOMBIA,Activa,860.533.613-2,Principal,Fundación,Privado,Institución Técnica Profesional,"Bogotá, D.C.","Bogotá, D.C.",Carrera 48  No.91-16,6369260,Resolución,MINISTERIO DE EDUCACION NACIONAL.,21994,20-12-1985,2,,No disponible,N,,,,MISION
4705,4705,FUNDACIÓN DE EDUCACIÓN SUPERIOR UPARSISTEM,Activa,860.512.509-4,Principal,Fundación,Privado,Institución Técnica Profesional,Cesar,Valledupar,Calle 16A N. 12-15,3126601560,Resolución,MINISTERIO DE EDUCACION NACIONAL.,1000,01-02-1983,1,,www.uniuparsistem.edu.co,N,,,,"CEDINPRO, COMO INSTITUCION DE EDUCACION SUPERIOR, ACT¿A EN LOS CAMPOS DE LA T¿CNICA, LA TECNOLOG¿A Y LAS HUMANIDADES CONTRIBUYENDO CON LA FORMACI¿N DEL TALENTO HUMANO QUE PARTICIPE ACTIVAMENTE EN EL DESARROLLO DEL PA¿S, EN EL MEJORAMIENTO DE LA CALIDAD DE VIDA DE SUS HABITANTES, EN LA PRESERVACI¿N Y FOMENTO DEL MEDIO AMBIENTE Y DE LOS VALORES DE LA CULTURA NACIONAL Y UNIVERSAL.

LA FORMACI¿N PROFESIONAL SE RIGE POR LOS PRINCIPIOS DE LA EDUCACI¿N SUPERIOR, LA ¿TICA, LA CALIDAD, EL COMPROMISO Y EL TRABAJO EN EQUIPO; PRESUPUESTOS ORIENTADORES DEL QUEHACER INSTITUCIONAL.

EL ESP¿RITU DE INDAGACI¿N, PROPIO DE NUESTROS PROFESIONALES, ES FACTOR IMPORTANTE, TANTO COMO ESTRATEGIA EN LA B¿SQUEDA DE ALTERNATIVAS DE SATISFACCI¿N DE LAS NECESIDADES SOCIALES, COMO PARA ENFRENTAR LOS CAMBIOS QUE SE GENEREN EN EL ENTORNO Y EN LA SOLUCI¿N DE PROBLEMAS A NIVEL INDIVIDUAL Y COLECTIVO."
4708,4708,FUNDACION ESCUELA COLOMBIANA DE HOTELERIA Y TURISMO-ECOTET-,Activa,860.350.003-3,Principal,Fundación,Privado,Institución Técnica Profesional,"Bogotá, D.C.","Bogotá, D.C.",Ava. 13 (Autopista Norte)  106-63,6184710,Resolución,MINISTERIO DE EDUCACION NACIONAL.,2285,21-02-1983,,,www.ecotet.com,N,,,,"PROPORCIONAR UNA EDUCACION DE LA MAS ALTA CALIDAD EN LAS AREAS DE ADMINISTRACION HOTELERA, ADMINISTRACION TURISTICA Y SERVICIOS A BORDO.  NUESTROS PROGRAMAS HAN SIDO DISEÑADOS PARA AQUELLOS QUE SON ATRAIDOS POR EL CONTACTO HUMANO Y GUSTO POR EL VIAJE."
4709,4709,INSTITUCION UNIVERSITARIA EAM,Activa,890002590-2,Principal,Fundación,Privado,Institución Universitaria/Escuela Tecnológica,Quindío,Armenia,Carrera 14  3-11 Av. Bolivar,451101,Resolución,GOBIERNO DEPARTAMENTAL DEL QUINDIO.,OJ032,31-07-1973,32,1,www.eam.edu.co,N,,,,"LA ESCUELA DE ADMINISTRACION Y MERCADOTECNIA DEL QUINDIO, E.A.M SE IDENTIFICA A SI MISMA COMO UNA COMUNIDAD EDUCATIVA, DEDICADA A PROCESOS DE EDUCACION INTEGRAL ORIENTANDO SU ACCION A LA AUTOGESTION Y LIDERAZGO MEDIANTE LA FORMACION DE PROFESIONLES ETICOS, COMPETITIVOS CTRITICOS E INNOVADORES ALTAMENTE COMPROMETIDOS CON LA CONSTRUCCION PERMANENTE DE TEJIDO SOCIAL, ECONOMICO Y CULTURAL DE LA REGION Y DEL PAIS"
4710,4710,FUNDACIÓN POLITÉCNICO MINUTO DE DIOS - TEC MD,Activa,800026729-5,Principal,Fundación,Privado,Institución Técnica Profesional,"Bogotá, D.C.","Bogotá, D.C.",Trv. 73A N. 81i - 19,6015800301,Resolución,MINISTERIO DE EDUCACION NACIONAL.,9168,06-08-1987,23,,tecmd.edu.co,N,,,,MISION
4711,4711,FUNDACION DE EDUCACION SUPERIOR ESATEC,Inactiva,860.513.543-1,Principal,Fundación,Privado,Institución Técnica Profesional,"Bogotá, D.C.","Bogotá, D.C.",Carrera 10  27-91 Torre C,NULL,Resolución,MINISTERIO DE EDUCACION NACIONAL.,1999,19-03-2007,,,www.esatec.edu.co,N,,,,"IMPARTIR INFORMACIÓN INTEGRAL AL RECURSO HUMANO DE TODAS LAS ACTIVIDADES ECONÓMICAS Y FORTALECER PROCESOS QUE CONTRIBUYAN AL DESARROLLO COMUNITARIO A NIVEL URBANO Y RURAL, AMENTANDO CON ELLO LA PRODUCTIVIDAD NACIONAL, PROMOVIENDO LA EXPANSIÓN, EL DESARROLLO ECONÓMICO Y SOCIAL DEL PAÍS."
4714,4714,FUNDACION INTERAMERICANA TECNICA-FIT-,Activa,860.055.057,Principal,Fundación,Privado,Institución Técnica Profesional,"Bogotá, D.C.","Bogotá, D.C.",Calle 36  15-63,7040760,Resolución,MINISTERIO DE JUSTICIA.,954,19-03-2007,9,,www.fit.edu.co,N,,,,"LA FUNDACI¿N INTERAMERICANA T¿CNICA -F.I.T.-, ES UNA INSTITUCI¿N DE EDUCACI¿N SUPERIOR, INICIALMENTE EN LA MODALIDAD DE INSTITUCI¿N T¿CNICA PROFESIONAL, DEDICADA A PRESTAR EL SERVICIO P¿BLICO EDUCATIVO, CONTRIBUYENDO  A LA FORMACI¿N INTEGRAL DEL SER HUMANO, BAJO LOS PRINCIPIOS DE LA AUTONOM¿A INSTITUCIONAL, Y LAS LIBERTADES DE ENSE¿ANZA, DE APRENDIZAJE, DE C¿TEDRA Y DE INVESTIGACI¿N, CON NIVELES ¿PTIMOS DE CALIDA BAJO LAS NORMAS CONSTITUCIONALES, LEGALES Y REGLAMENTARIAS VIGENTES.

ADELANTAR¿ SU ACCI¿N EN LOS CAMPOS DE LA T¿CNICA, LA CIENCIA Y LA TECNOLOG¿A, COMPLEMENTADOS  CON LA NECESARIA FORMACI¿N HUMAN¿STICA.   TODO ORIENTADO HACIA SU PROYECCI¿N SOCIAL PARA CONTRIBUIR  AL ALCANCE DE LAS METAS DE UN DESARROLLO SOSTENIBLE DEL PA¿S, EN LO ECON¿MICO, LO SOCIAL Y LO AMBIENTAL.

CREAR¿ Y DESARROLLAR¿ PROGRAMAS ACAD¿MICOS DE PREGRADO, ESPECIALIZACI¿N, EDUCACI¿N CONTINUADA, DE INVESTIGACI¿N  Y DESARROLLO TECNOL¿GICO Y DE SERVICIOS SOCIALES, CONTANDO CON EL CONCURSO Y LA PARTICIPACI¿N DE LA COMUNIDAD INSTITUCIONAL Y DE LOS SECTORES BENEFICIADOS CON TALES PROGRAMAS."
4716,4716,FUNDACION INSTITUTO DE CARRERAS TECNICAS PROFESIONALES-FIDCI-,Inactiva,890325441-1,Principal,Fundación,Privado,Institución Técnica Profesional,Valle del Cauca,Santiago de Cali,Carrera 12 5-64 Barrio San Bosco,6616149,Resolución,MINISTERIO DE EDUCACION NACIONAL,11107,19-03-2007,,,www.futap.net,N,,,,MISION
4719,4719,FUNDACION DE EDUCACION SUPERIOR NUEVA AMERICA,Activa,860.072.063.2,Principal,Fundación,Privado,Institución Técnica Profesional,"Bogotá, D.C.","Bogotá, D.C.",Diagonal 47A Sur No.53-46 Barrio Venecia,7468757,Resolución,MINISTERIO DE EDUCACION NACIONAL.,17084,13-11-1978,27,,www.nuevaamerica.edu.co,N,,,,MISION
4721,4721,FUNDACION UNIVERSITARIA HORIZONTE,Activa,860.516.580-6,Principal,Fundación,Privado,Institución Universitaria/Escuela Tecnológica,"Bogotá, D.C.","Bogotá, D.C.",Calle 69 No. 14-30,7437270,Resolución,MINISTERIO DE EDUCACION NACIONAL,11106,13-07-1983,26,,www.insutec.edu.co,N,,,,"EL DESARROLLO DE SUS FUNCIONES DE ENSE?ANZA, INSUTEC, BUSCARA QUE TODO EL PERSONAL DE LA INSTITUCION, VIVENCIE LOS VALORES ESTETICOS Y SOCIALES, EL VALOR INTRINSECO DE LA CIENCIA Y LA INVESTIGACION, EL EXAMEN CRITICO DE LOS CONOCIEMTOS Y LA APLICACION DE LOS MISMOS.  CONSIDERA INDISPENSABLE EL ESTUDIO Y LA BUSQUEDA DE PROPUESTAS DE SOLUCION A LA PROBLEMATICA DE LA SOCIEDAD, CON MIRAS A LA FORMACION INTEGRAL DEL HOMBRE COLOMBIANO Y REAFIRME L PRIMACIA DE LA PERSONA HUMANA EN LA ORGANIZACION DE LA SOCIEDAD Y DEL ESTADO IRRADIANDO Y FOMENTANDO VIRTUDES CIMIENTAN LA NACIONALIDAD, RESPETANDO Y PROMOVIENDO SU IDENTIDAD, FOMENTANDO A TRAVES DE SUS ACTIVIDADES EL EJERCICIO DE LA LIBERTAD, LA JUSTICIA Y DE LA PAZ.

LAS FUNCIONES BASICAS DE INSUTEC, PARA EL PROYECTO EDUCATIVO DE ACUERDO AL ESTATUTO ORGANICO Y A SUS PRINCIPIOS GENERALES INTEGRADOS Y DESTACANDO AQUELLO QUE CONSIDERA ESPECIFICO Y PROPIO.  DE ESTA MANERA SE RESALTAN Y COMPLEMENTAN LOS SIGUIENTES PRINCIPIOS."
4725,4725,FUNDACION DE EDUCACION SUPERIOR SIKUANI - FESI,Inactiva,891.224.672-4,Principal,Fundación,Privado,Institución Técnica Profesional,"Bogotá, D.C.","Bogotá, D.C.",Calle 128B 58B-57 Barrio Las Villas,2265206,Resolución,MINISTERIO DE EDUCACION NACIONAL.,7975,19-03-2007,,,No disponible,N,,,,MISION
4726,4726,FUNDACION UNIVERSITARIA SAN MATEO - SAN MATEO EDUCACION SUPERIOR,Activa,800.040.295-9,Principal,Fundación,Privado,Institución Universitaria/Escuela Tecnológica,"Bogotá, D.C.","Bogotá, D.C.",Transversal 17 25-25,3309999,Resolución,MINISTERIO DE EDUCACION NACIONAL.,14135,16-10-1987,60,,www.fus.edu.co,N,,,,"*LA  FUNDACION ES UNA INSTITUCION PRIVADA SIN ANIMO DE LUCRO, CUYA  MISION PRIMORDIAL  ES CONTRIBUIR AL DESARROLLO INTEGRAL  Y SOLIDARIO DEL SER HUMANO, DESDE NUESTRA POSICION DE FORMADORES  DE TECNICOS PROFESIONALES PARA EL  NUEVO   MILENIO.
NUESTRO COMPROMISO  ES  EL DE FORMAR, CAPACITAR   Y ORIENTAR A LAS  NUEVAS GENERACIONES   COMO PROFESIONALES INTEGRALES QUE  FAVOREZCAN EL  |DESARROLLO ECONOMICO Y SOCIAL DE NUESTRO PAIS LOGRANDO MAYOR COMPETITIVIDAD, CALIDAD Y PRODUCTIVIDAD.
OFRECE PROGRAMAS Y DISCIPLINAS QUE TIENEN COMO OBJETIVO EL DESARROLLO DE LAS DIFERENTES POTENCIALIDADES, LA UTILIZACION DE TECNOLOGIAS NUEVAS, EL ESPIRITU EMPRENDEDOR Y LA    PROMOCION DE VALORES COMO LA  HONRADEZ, EL RESPETO, EL CUMPLIMIENTO DE LOS Y EL EJERCICIO DE LOS DERECHOS INHERENTES A LA  CONDICION DEL SER SOCIAL.
LA FUNDACION PROCURA EL DESARROLLO DE ACTIVIDADES ACADEMICAS CON GESTION EMPRESARIAL , ALTOS NIVELES  DE CALIDAD Y EFICIENCIA POR MEDIO DE PROCESOS QUE GARANTICEN EL DESARROLLO DE LA AUTONOMIA RESPONSABLE. *"
4727,4727,POLITECNICO INTERNACIONAL INSTITUCION DE EDUCACION SUPERIOR,Activa,900002845-0,Principal,Fundación,Privado,Institución Tecnológica,"Bogotá, D.C.","Bogotá, D.C.",Calle 73 No. 10-45,4005700,Resolución,MINISTERIO DE EDUCACION NACIONAL.,4135,11-11-2004,38,,www.politecnicointernacional.edu.co,N,,,,
4801,4801,CORPORACION ACADEMIA SUPERIOR DE ARTES,Activa,890984813-2,Principal,Corporación,Privado,Institución Tecnológica,Antioquia,Medellín,Cra 79 N. 43-24,4112811,Resolución,MINISTERIO DE EDUCACION NACIONAL.,11105,13-07-1983,9,,www.corpoasa.edu.co,N,,,,"OFRECER NUEVAS Y ACERTADAS ALTERNATIVAS DE FORMACI¿N PROFESIONAL RELACIONADAS CON LA INGENIERIA, EL DISE¿O Y LA ADMINISTRACI¿N; QUE PERMITAN CUBRIR LAS NECESIDADES LABORALES DEL MEDIO.

PREPARAR PROFESIONALES ID¿NEOS PARA DESEMPE¿ARSE PERMANENTEMENTE COMO EMPLEADOS, O CREAR SU PROPIA EMPRESA, DESDE LA CUAL PUEDE OFRECER SERVICIOS PROFESIONALES INDEPENDIENTES.

IMPARTIR UNA INFORMACI¿N INTEGRAL, ENMARCADA DENTRO DE LOS LINEAMIENTOS DE LA EDUCACI¿N SUPERIOR DEL DESARROLLO ¿TICO Y MORAL.

PRESTAR SERVICIO A LA COMUNIDAD ATRAV¿S DE LA REALIZACI¿N DE TRABAJOS ACAD¿MICOS."
4803,4803,CORPORACION POLITECNICO COLOMBO ANDINO,Activa,860.508.517-8,Principal,Corporación,Privado,Institución Técnica Profesional,"Bogotá, D.C.","Bogotá, D.C.",Calle 125 No 7c-62,5556969,Resolución,MINISTERIO DE EDUCACION NACIONAL.,2026,02-03-1982,4,,www.polcolan.edu.co,N,,,,MISION
4804,4804,CORPORACION EDUCATIVA DEL ORIENTE,Inactiva,NO INFORMA,Principal,Corporación,Privado,Institución Técnica Profesional,Norte de Santander,San José de Cúcuta,Av 4  15-70,5715149,Resolución,MINISTERIO DE EDUCACION NACIONAL.,8532,06-06-1983,,,No disponible,N,,,,"LA CORPORACION EDUCATIVA DEL ORIENTE,  ES UNA INSTITUCION DE EDUCACION SUPERIOR DE CARACTER PRIVADO,  SIN ANIMO DE LUCRO Y SE ENMARCA DENTRO DE LOS PRINCIPIOS QUE DEFINEN LA EDUCACION SUPERIOR,  COMO DE SERVICIO PUBLICO  Y FUNCION SOCIAL, ORIENTADA HACIA LA FORMACION DE UN PROFESIONAL INTEGRO GENERADOR DE CONOCIMIENTOS, DENTRO DE LOS PRINCIPIOS DE  AUTONOMIA  Y LIBERTAD ACADEMICA, CON VALORES PERSONALES, INTELECTUALES, ETICOS, SOCIALES Y HUMANISTICOS QUE HAGAN  DE LA INSTITUCION UN ELEMENTO DINAMIZADOR DEL DESARRROLLO  BIO - PSICOSOCIAL Y ECONOMICO  DE NUESTRA REGION Y DE COLOMBIA."
4805,4805,CORPORACION EDUCATIVA INTERNACIONAL - CEI -,Inactiva,860.516.740-8,Principal,Corporación,Privado,Institución Técnica Profesional,"Bogotá, D.C.","Bogotá, D.C.",Av. Ciudad de Cali 69A - 47,3173707085,Resolución,Ministerio de Educaci¿n Nacional,4023,25-03-1983,,,www.corpotec.edu.co,N,,,,"CONCIENTES DE LOS NUEVOS RETOS IMPUESTOS POR LA EDUCACI¿N EN COLOMBIA, LA CORPORACI¿N TECNICA DE COLOMBIA CORPOTEC, ASUME SU COMPROMISO FORMANDO TECNICOS PROFESIONALES CON MUCHA CALIDAD HUMANA Y SOCIAL, CAPACES DE BRINDAR SUS CONOCIMIENTOS EN FUNCION DE UNA COLOMBIA MEJOR."
4806,4806,CORPORACION CENTRO DE ESTUDIOS ARTISTICOS Y TECNICOS-CEART-,Activa,860.036.444-2,Principal,Corporación,Privado,Institución Técnica Profesional,"Bogotá, D.C.","Bogotá, D.C.",Calle 42 No.13-26,3405125,No informa,MINISTERIO DE JUSTICIA,1727,22-04-1974,7,,www.ce-art.edu.co,N,,,,MISION
4808,4808,CORPORACION REGIONAL DE EDUCACION SUPERIOR-CRES-DE CALI,Activa,890.328.023-8,Principal,Corporación,Privado,Institución Técnica Profesional,Valle del Cauca,Santiago de Cali,"Calle 6 No. 30ª -23 Av. Roosevel, Barrio El Cedro",6826182,Resolución,MINISTERIO DE EDUCACION NACIONAL,1998,14-02-1983,26,,www.corpocres.edu.co,N,,,,MISION
4809,4809,CORPORACION CENTRO TECNICO ARQUITECTONICO,Inactiva,891.411.199-3,Principal,Corporación,Privado,Institución Técnica Profesional,Risaralda,Pereira,Avenida 30 de Agosto 52-236,3293333,Resolución,MINISTERIO DE EDUCACION NACIONAL,18512,04-10-1983,,,www.corporacioncta.edu.co,N,,,,"FORMAR PERSONAS TECNICO PROFESIONALES, HACIENDO USO DEL ESTIMULO DEL ES UNA INSTITUCION DE EDUCACION SUPERIOR DE NIVEL TECNICA PROFESIONAL DEDICADA A LA FORMACION, ENTRENAMIENTO, CONTINUIDAD Y ACTUALIZACION EDUCATIVA, DE PERSONAS CON VOCACION O TRADICION OPERATIVA EN LAS AREAS AUTORIZADAS POR EL MINISTERIO DE EDUCACION NACIONAL, SATISFACIENDO LAS DEMANDAS DE CUALIFICACION DE UN PERFIL OCUPACIONAL TECNICO OPERATIVO EN LOS DISTINTOS SECTORES PRODUCTIVOS"
4810,4810,CORPORACION UNIVERSITARIA CENDA,Activa,860504984-6,Principal,Corporación,Privado,Institución Universitaria/Escuela Tecnológica,"Bogotá, D.C.","Bogotá, D.C.",Av. Caracas 35-18,2329084,Resolución,MINISTERIO DE EDUCACION NACIONAL.,11109,13-07-1983,16,,No disponible,N,,,,MISION
4811,4811,CORPORACIÓN UNIFICADA HISPANOAMERICANA DE EDUCACIÓN SUPERIOR,Activa,890324361-4,Principal,Corporación,Privado,Institución Técnica Profesional,Valle del Cauca,Santiago de Cali,Calle 18 Nro 122 Casa 3,3728266,Resolución,MINISTERIO DE EDUCACION NACIONAL,11104,13-07-1983,5,,corporacion.salamandra.edu.co,N,,,,MISION
4812,4812,CORPORACION DE EDUCACION SUPERIOR SURAMERICA,Activa,860.519.585-6,Principal,Corporación,Privado,Institución Técnica Profesional,"Bogotá, D.C.","Bogotá, D.C.",Avenida Caracas N. 46-57,6013719879,Resolución,MINISTERIO DE EDUCACION NACIONAL,1311,29-02-1984,11,,www.lasmercedes.edu.co,N,,,,"LA MISION DE LA CORPORACION NUESTRA SE?ORA DE LAS MERCEDES, INSTITUCION TECNICA PROFESIONAL DE EDUCACION SUPERIOR ES PRESTAR UN SERVICIO DE CALIDAD A LA SOCIEDAD COLOMBIANA, EN UN MARCO DE LIBERTAD DE PENSAMIENTO, PLURALISMO IDEOLOGICO E ILUMINADO POR LAS ORIENTACIONES DE LA IGLESIA CATOLICA.

LA CORPORACION OFRECE A SUS ALUMNOS POSIBILIDADES COGNITIVAS, PEDAGOGICAS, CIENTIFICAS, TECNICAS Y DE DESARROLLO HUMANO, BUSCANDO FORMAR ANTE TODO PERSONAS, CON AUTONOMIA, RESPONSABILIDAD, COMPROMISO Y ETICA, CAPACES DE SOLUCIONAR PROBLEMAS Y APORTAR AL DESARROLLO CIENTIFICO, TECNICO, CULTURAL, POLITICO Y ECOLOGICO A NIVEL REGIONAL Y NACIONAL."
4813,4813,CORPORACION UNIFICADA NACIONAL DE EDUCACION SUPERIOR-CUN-,Activa,860401734-9,Principal,Corporación,Privado,Institución Técnica Profesional,"Bogotá, D.C.","Bogotá, D.C.",Carrera 5  12-64  La Candelaria,3813222,Resolución,MINISTERIO DE EDUCACION NACIONAL,1379,03-02-1983,203,1,www.cun.edu.co,N,,,,"SOMOS LA INSTITUCION DE EDUCACION SUPERIOR MAS DINAMICA, INNOVADORA Y CREATIVA DE COLOMBIA; CREADORES DE LA NUEVA CULTURA HUMANA A TRAVES DE HOMBRES NUEVOS, LIDERES Y EMPRESARIOS, CREADORES DE IMPOSIBLES, CON ESPIRITU DE HISTORICIDAD Y DE GRANDEZA, CON UN PROFUNDO ESPIRITU CIENTIFICO, ETICO Y ESTETICO, CAPACES DE ESCRIBIR CON NUESTRO ESPIRITU LA EPOPEYA LATINOAMERICANA, EN LA EMPRESA, EN LA CIENCIA, EN LA TECNICA, EN LA FILOSOFIA, EN EL ARTE, EN LA POLITICA Y EN LA AVENTURA DE LA REALIZACION HUMANA."
4814,4814,CORPORACION DE EDUCACION SUPERIOR MIGUEL CAMACHO PEREA,Inactiva,NO INFORMA,Principal,Corporación,Privado,Institución Técnica Profesional,Valle del Cauca,Santiago de Cali,Avenida 3 Norte #44-100 Barrio  La Merced,649989,Resolución,MINISTERIO DE EDUCACION NACIONAL,8533,06-06-1983,,,NO DISPONIBLE,N,,,,"LA CORPORACION DE EDUCACION SUPERIOR MIGUEL CAMACHO PEREA PROMUEVE LA EDUCACION Y FORMACION DE PERSONAS INTEGRAS, COMPETENTES, DE PRINCIPIOS CLAROS, ETICOS, EFICIENTES, COMPROMETIDOS, PARTICIPES ACTIVOS EN EL MEJORAMIENTO COMUNITARIO Y PERSONAL, QUE RESPONDAN AL DESARROLLO NACIONAL Y DE LA REGION, MEDIANTE EL CONOCIMIENTO TECNICO, CIENTIFICO, HUMANISTICO Y ARTISTICO.
LA CORPORACION DE EDUCACION SUPERIOR MIGUEL CAMACHO PEREA, REALIZA EL SEGUIMIENTO DE SU COMUNIDAD EDUCATIVA EN SU MUNDO Y POSIBILIDADES, AYUDANDOLOS A PERFECCIONARSE EN EL AMBITO PERSONAL Y ACADEMICO, PERMITIENDOLE VIVIR Y DISFRUTAR."
4817,4817,CORPORACION DE EDUCACIÓN SUPERIOR DEL LITORAL,Activa,890.104.481-6,Principal,Corporación,Privado,Institución Técnica Profesional,Atlántico,Barranquilla,CL79 # 42F-110,3207450,Resolución,GOBERNACION DEL ATLANTICO.,713,19-06-1972,16,,www.litoral.edu.co,N,,,,"LOS  DIRECTIVOS , EL RECTOR, EL DIRECTOR ACAD¿MICO, LOS DIRECTORES DE PROGRAMAS, LOS PROFESORES Y ADMINISTRATIVOS,  DECLARAMOS:
QUE ESTAMOS VOLUNTARIA Y RESPONSABLEMENTE COMPROMETIDOS, A QUE LA CORPORACI¿N, MEDIANTE NUESTRO ESFUERZO FORMADOR DE ELEMENTOS CAPACES DE IMPULSAR LA TRANSFORMACI¿N EN LA PRODUCCI¿N Y EN LA CULTURA, CREE ESPACIOS DE FORMACI¿N E INSTRUCCI¿N T¿CNICA, SOCIAL Y CULTURAL QUE PROPICIEN EN EL FUTURO PROFESIONAL UNA CAPACIDAD DE LIDERAZGO EN EL CONTEXTO DE LA REALIDAD COLOMBIANA PARA QUE PUEDA EMPLEAR A FONDO SU POTENCIAL HUMANO E INTELECTUAL EN LA COMPRENSI¿N DE LA DIN¿MICA DE NUESTRO PA¿S Y PARTICIPE ACTIVAMENTE EN LA SOLUCI¿N DE LOS PROBLEMAS URBANOS, DEPARTAMENTALES, REGIONALES Y NACIONALES.

PARA LO CUAL, NOSOTROS, ESTIMULAMOS AL ESTUDIANTE EN LA B¿SQUEDA DEL SABER, GRACIAS AL ESTUDIO Y A LA INVESTIGACI¿N, DENTRO DE LOS CRITERIOS DE RESPONSABILIDAD PERSONAL Y PROFESIONAL CONSEGUIDOS EN VIRTUD DE PRINCIPIOS ¿TICOS Y DE UNA ALTA EXIGENCIA ACAD¿MICA AUNADAS A UNA EXPERIENCIA LOGRADA DIRECTAMENTE EN PR¿CTICAS VIVIDA EN LUGARES DE TRABAJO."
4818,4818,CORPORACION UNIVERSITARIA LATINOAMERICANA - CUL,Activa,890.103.657-0,Principal,Corporación,Privado,Institución Universitaria/Escuela Tecnológica,Atlántico,Barranquilla,Calle  58  55-24A,3444868,Resolución,MINISTERIO DE EDUCACION NACIONAL,273,23-03-1971,11,,www.ul.edu.co,N,,,,"BUSCAR EL DESARROLLO INTEGRAL DE LAS POTENCIALIDADES DEL SER HUMANO, DESPERTANDO EN SUS EDUCANDOS UN ESPIRITU REFLEXIVO, ORIENTADO AL LOGRO DE LA LIBERTAD DE PENSAMIENTO Y PLURALISMO IDEOLOGICO QUE TENGA EN CUENTA LA UNIVERSIDAD DEL SABER Y LA PARTICULARIDAD DE LAS FORMAS CULTURALES DE LA REGION CARIBE Y DEL PAIS.
LA ESENCIA DE LA DOCENCIA EN LA CORPORACION INSTITUTO DE ARTES Y CIENCIAS ES PROMOVER EL DESARROLLO INTEGRAL Y ARMONICO DEL ALUMNO EN RALACION CON LOS DEMAS, CONSIGO MISMO Y CON SU ENTORNO, MEDIANTE UNA FORMACION INTELECTUAL QUE LO CAPACITE EN EL MANEJO DE LOS METODOS Y LENGUAJES CIENTIFICOS."
4822,4822,CORPORACION ESCUELA DE ARTES Y LETRAS,Activa,860504543-1,Principal,Corporación,Privado,Institución Universitaria/Escuela Tecnológica,"Bogotá, D.C.","Bogotá, D.C.",Carrera 12  70-44/46,5417173,Resolución,MINISTERIO DE EDUCACION NACIONAL,6272,04-05-1983,22,,www.artesyletras.com.co,N,,,,"LA MISION DE LA CORPORACION DE ARTES Y LETRAS ES FORMAR HOMBRES PRAGMATICOS CON FUNDAMENTACION ARTISTICA Y HUMANISTICA, CON CAPACIDAD DE LIDERZGO CRITICO, CONTEXTUALIZADOS CON LA REALIDAD SOCIAL, CON VISI¿N EMPRESARIAL, LO CUAL LES FACILITAR¿ APORTAR SOLUCIONES CREATIVAS, RESPONSABLES Y DISPUESTOS A RESOLVER CONFLICTOS DENTRO DE UN AMBIENTE DE CORDIALIDAD, CUMPLIMIENTO Y RESPETO."
4825,4825,CORPORACION INSTITUTO DE ADMINISTRACION Y FINANZAS - CIAF,Activa,891.408.248-5,Principal,Corporación,Privado,Institución Técnica Profesional,Risaralda,Pereira,Carrera 6 24-56,3400100,Resolución,MINISTERIO DE EDUCACION NACIONAL.,19348,07-12-1985,13,5,www.ciaf.edu.co,N,,,,"LA CIAF ES UNA INSTITUCION DE EDUCACION SUPERIOR QUE OFRECE FORMACION INTEGRAL EN AREAS EMPRESARIALES ESPECIFICAS, RESPONDIENDO A UNA NECESIDAD SENTIDA EN LA REGION Y ENFOCANDO SU MERCADO AL SECTOR PRODUCTIVO, CON EL OFRECIMIENTO DE PROGRAMAS EN JORNADA NOCTURNA"
4826,4826,CORPORACION UNIVERSITARIA REGIONAL DEL CARIBE -IAFIC-,Activa,890.481.341-9,Principal,Corporación,Privado,Institución Universitaria/Escuela Tecnológica,Bolívar,Cartagena de Indias,"Pie del Cerro, Av.Pedro Heredia 18B-17",6665832,Resolución,MINISTERIO DE EDUCACION NACIONAL.,8992,21-06-1985,2,,www.iafic.edu.co,N,,,,"IAFIC ES UNA EMPRESA DE CONOCIMIENTOS QUE OFRECE CARRERAS DE EDUCACION SUPERIOR, CON UNA VISION HUMANISTICA, CRITERIO DE INVESTIGACION Y SENTIDO ETICO, MEDIANTE LA UTILIZACION RACIONAL DE SUS RECURSOS, CON EL FIN DE ALCANZAR MAYOR COMPETITIVIDAD Y DESARROLLO INSTITUCIONAL, PARA ADAPTARSE A LAS NUEVAS EXIGENCIAS DEL MERCADO.

PROPENDE FORMAR PROFESIONALES EMPRESARIOS, CON ESPIRITU DE LIDERAZGO, CAPACES DE AFRONTAR EFECTIVAMENTE EL CAMBIANTE ENTORNO SOCIAL, CON ADECUADOS NIVELES DE CALIDAD QUE PARTICIPEN ACTIVAMENTE EN EL DESARROLLO SOCIOECONOMICO, TECNOLOGICO Y CULTURAL DE LA NACION."
4827,4827,"CORPORACION EDUCATIVA INSTITUTO TECNICO SUPERIOR DE ARTES, IDEARTES",Activa,NO INFORMA,Principal,Corporación,Privado,Institución Técnica Profesional,Antioquia,Medellín,Calle 47  42-39,2175599,Resolución,MINISTERIO DE EDUCACION NACIONAL.,11103,13-07-1983,,,www.institutodeartes.edu.co,N,,,,"LA MISIÓN DE LA CORPORACIÓN INSTITUTO TÉCNICO SUPERIOR DE ARTES ES LA DE CONTRIBUÍR A LA  FORMACIÓN DE PROFESIONALES TÉCNICOS EN LOS CAMPOS DE LAS ARTES APLICADAS,  LA COMUNICACIÓN MASIVA Y LAS  TECNOLOGÍAS INFORMÁTICAS, INCORPORANDO EN ELLOS LOS BENEFICIOS DE LOS AVANCES CIENTÍFICOS, TECNOLÓGICOS Y TÉCNICOS Y DESARROLLANDO LAS DIMENSIONES INTELECTUAL, ÉTICA, POLÍTICA Y ESTÉTICA DEL SER HUMANO, A TRAVÉS DEL EJERCICIO DE SUS FUNCIONES SUSTANTIVAS DE DOCENCIA, INVESTIGACIÓN, DE PROYECCIÓN SOCIAL Y DE BIENESTAR INSTITUCIONAL, BUSCANDO SIEMPRE EL MEJORAMIENTO DE LA CALIDAD ACADÉMICA Y DANDO CUMPLIMIENTO A LOS POSTULADOS ESTABLECIDOS POR LA LEY PARA LA EDUCACIÓN SUPERIOR."
4829,4829,CORPORACION INTERAMERICANA DE EDUCACION SUPERIOR-CORPOCIDES,Activa,890.204.702,Principal,Corporación,Privado,Institución Técnica Profesional,Santander,Bucaramanga,Carrera 26  50-73,6473939,Resolución,GOBIERNO DEPARTAMENTAL DE SANTANDER,80,01-08-1974,6,,www.interamericana.edu.co,N,,,,"CORPOCIDES, COMO CONCEPTO FILOSOFICO TIENE UNA CONNOTACION EMINENTEMENTE DE SERVICIO EDUCATIVO A LA COMUNIDAD.  SE PROYECTA, NO SOLAMENTE COMO UN ENTE DOCENTE, PRODUCTOR DE TECNICOS, SINO COMO ENTIDAD EDUCATIVA, HUMANISTA, COMPROMETIDA  SOCIALMENTE CON LA FORMACION INTEGRAL DE PROFESIONALES DE LAS MAS ALTAS  CALIDADES HUMANAS, MIEMBROS DE UNA SOCIEDAD QUE LE VA A EXIGIR, NO SOLO PREPARACION ACADEMICA, SINO TAMBIEN,  UNA SERIE DE CUALIDADES HUMANAS QUE LO ENCUADREN DENTRO DE LA COMUNIDAD EN LA CUAL SE VA A DESEMPE?AR.  POR LO TANTO, SU MISION SERA LA DE SER ORIENTADORA DE PROFESIONALES, QUE SALEN AL MUNDO LABORAL A SATISFACER LAS NECESIDADES DE LA COMUNIDAD EN LOS DIFERENTES RAMOS DEL SABER HUMANO, CON UNA VISION FUTURISTA, CON UN CONOCIMIENTO ANALITICO, FRUTO DEL ESTUDIO INVESTIGATIVO, QUE LOS LLEVE A PRESENTAR SOLUCIONES SABIAS, CIENTIFICAS, ANTE LAS DIFERENTES DISYUNTIVAS DEL DESARROLLO HUMANO Y, TAMBIEN, FORJADORA Y FORMADORA DE CIUDADANOS PROBOS, HONESTOS, CON UN PROFUNDO SENTIDO ETICO DE SU PROFESION; SOCIALMENTE DIGNOS, CON SERIOS PRINCIPIOS MORALES Y SOCIALES QUE LES PERMITAN SER LIDERES DENTRO DE SU COMUNIDAD, RECONOCIDOS COMO CIUDADANOS INTEGROS, PROPULSORES DEL DESARROLLO DE SU COMUNIDAD, EN EL SABER ACADEMICO Y, TAMBIEN, EN EL CAMPO CIVICO, SOCIAL, CULTURAL Y ETICO."
4832,4832,CORPORACION INSTITUTO SUPERIOR DE EDUCACION SOCIAL-ISES-,Activa,860.066.098-5,Principal,Corporación,Privado,Institución Técnica Profesional,"Bogotá, D.C.","Bogotá, D.C.",Carrera 23  63 - 36,5441388,Resolución,MINISTERIO DE EDUCACION NACIONAL,2028,02-03-1982,12,,www.ises.edu.co,N,,,,
4835,4835,CORPORACION UNIVERSITARIA TALLER CINCO CENTRO DE DISEÑO,Activa,860078430-1,Principal,Corporación,Privado,Institución Universitaria/Escuela Tecnológica,"Bogotá, D.C.","Bogotá, D.C.",Autopista Norte Km. 19 (Via a Chia),6760448,Resolución,MINISTERIO DE EDUCACION NACIONAL,11108,13-07-1983,11,,www taller5.edu.co,N,,,,"LA CORPORACION EDUCATIVA TALLER CINCO,CENTRO DE  DISE?O, BUSCA FUNDAMENTALMENTE, MEJORAR LA CALIDAD DE LOS PROCESOS CREATIVOS EN EL AREA DE DISE?OS: PEDAGOGICOS, INVESTIGATIVOS, ADMINISTRATIVOS Y DE PROYECCION SOCIAL, RESPONDIENDO A LAS SITUACIONES Y NECESIDADES DEL ESTUDIANTE, SEGUN EL ENTORNO SOCIOCULTURAL, LAS MODIFICACIONES QUE EXIGE LA VIVENCIA DIARIA, LA CONCERTACION Y EL CONCENSO ENTRE LOS INTEGRANTES DE LA COMUNIDAD EDUCATIVA. PARA ALCANZAR LA MISION DE FORMA COMPARTIDA SE TIENE EN CUENTA LA HISTORIA, EL DESARROLLO, LOS RECURSOS LOS SUE?OS Y LAS PROYECCIONES, BUSCANDO LA EXCELENCIA Y SIGUIENDO UN PROCESO DE MEJORAMIENTO INTEGRAL Y CONTINUO EN EL PLANEAR, HACER, VERIFICAR, AJUSTAR, ACTUAR Y SER. LA CALIDAD SE OBTIENE ENTONCES, COMO RESULTADO DE LA AUTONOMIA CUANDO LA INSTITUCION MISMA DEFINE UNA MISION QUE COMPARTE CON TODOS SUS ESTAMENTOS, ADMINISTRA EFECTIVAMENTE SUS RECURSOS, LOGRA QUE SUS DOCENTES SEAN LIDERES QUE DESARROLLAN AL MAXIMO SU POTENCAIL Y EL DE SUS ESTUDIANTES, INCORPORANDOLOS CON ACTIVIDADES INVESTIGATIVAS  EN EQUIPO Y ELABORANDO  A PARTIR DE SU RIQUEZA INTERNA, PROPUESTAS DE SOLUCION A LOS PROBLEMAS Y NECESIDADES DEL PAIS Y DE LA REGION, QUE INCLUSO SEAN MAS COMO PROSPECTIVA QUE COMO ALGO DE COYUNTURA U OCASIONAL."
4837,4837,"CORPORACION UNIVERSITARIA DE CIENCIAS EMPRESARIALES, EDUCACION Y SALUD -UNICORSALUD-",Activa,NO INFORMA,Principal,Corporación,Privado,Institución Universitaria/Escuela Tecnológica,Atlántico,Barranquilla,Carrera 53   59-70,3492619,Resolución,MINISTERIO DE EDUCACION NACIONAL.,3514,15-07-1993,14,,www.corsalud.cjb.net,N,,,,"LA CORPORACI¿N T¿CNICA PROFESIONAL DE EDUCACI¿N Y SALUD - CORSALUD, ES UNA INSTITUCI¿N DE EDUCACI¿N SUPERIOR DE DERECHO PRIVADO QUE EN EJERCICIO DE LA AUTONOM¿A UNIVERSITARIA Y LA RESPONSABILIDAD SOCIAL QUE LE CORRESPONDE, POSIBILITA UNA COMUNIDAD EDUCATIVA Y SE¿ALA SU RAZ¿N DE SER Y SENTIDO EN LA FORMACI¿N INTEGRAL DEL HOMBRE COLOMBIANO, COMPRENDIDOS DESDE LA RACIONALIDAD INTEGRADORA DEL CONOCIMIENTO DE LA CIENCIA, LA T¿CNICA, LA TECNOLOG¿A Y LOS VALORES ¿TICOS, SOCIALES, ECON¿MICOS, POL¿TICOS, CULTURALES Y TRASCENDENTES, A TRAV¿S DE LA INVESTIGACI¿N, LA DOCENCIA Y LA PROYECCI¿N SOCIAL PARA QUE EN SU CONDICI¿N DE SER INDIVIDUAL Y SER SOCIAL ACT¿E EN EL DESARROLLO DEL PROGRESO Y BIENESTAR DE LA COMUNIDAD."
4838,4838,CORPORACION BOLIVARIANA DE EDUCACION SUPERIOR - CORBES -,Inactiva,1,Principal,Corporación,Privado,Institución Técnica Profesional,Norte de Santander,San José de Cúcuta,Avda 1 No. 2 - 63 Barrio Lleras,5740254,Resolución,MINISTERIO DE EDUCACION NACIONAL,1018,18-05-1999,,,www.corbes.edu.co,N,,,,NO INFORMA
5801,5801,CORPORACION ESCUELA TECNOLOGICA DEL ORIENTE,Activa,804006527-3,Principal,Corporación,Privado,Institución Universitaria/Escuela Tecnológica,Santander,Bucaramanga,Calle 41 10-30 Barrio Alfonso L¿pez,6349810,Resolución,MINISTERIO DE EDUCACION NACIONAL,2680,05-08-1998,16,,www.tecnologicadeloriente.edu.co,N,,,,
5802,5802,UNIVERSIDAD ECCI,Activa,860.401.496-0,Principal,Corporación,Privado,Universidad,"Bogotá, D.C.","Bogotá, D.C.",Carrera 19  49-20,3537171,Resolución,MINISTERIO DE EDUCACION NACIONAL.,2683,28-03-1985,72,,www.ecci.edu.co,N,,,,"&quot;ENSEÑAR A VER LA VIDA CON OPTIMISMO Y RESPONSABILIDAD, EN UN APRENDIZAJE COTIDIANO DE LAS PROFESIONES ELEGIDAS POR CADA UNO, BUSCANDO LA EXCELENCIA EN LO HUMANO Y LA MANERA DE SER COMPETITIVOS, DESARROLLANDO APTITUDES DE LIDERAZGO, PARA SER PARTÍCIPES DE UN VERDADERO DESARROLLO SOCIAL E INDUSTRIAL DE NUESTRO PAÍS&quot;."
9101,9101,ESCUELA DE INVESTIGACION CRIMINAL,Inactiva,800.141.335-9,Principal,Nacional,Oficial,Institución Técnica Profesional,"Bogotá, D.C.","Bogotá, D.C.",Av. Caracas   2 - 65 Sur,,Resolución,Ministerio de Defensa.,2045,19-03-2007,,,www.policia.gov.co,N,,,,"CAPACITAR AL ESTUDIANTE  COMO TECNICO PROFESIONAL EN POLICIA JUDICIAL, INTELIGENCIA Y EN LAS DIFERENTES AREAS DE LA CRIMINALISTICA PARA LA INVESTIGACION DE DELITOS Y CONTRAVENCIONES, APORTANDO SUS CONOCIMIENTOS EN ARAS DEL CUMPLIMIENTO DE LA FUNCION POLICIAL EN BENEFICIO DE LA COMUNIDAD."
9102,9102,ESCUELA DE SUBOFICIALES FAC -CAPITÁN ANDRÉS M. DÍAZ-,Activa,80.014.164,Principal,Nacional,Oficial,Institución Tecnológica,Cundinamarca,Madrid,Madrid (Cundinamarca),,Acuerdo,ICFES.,275,19-03-2007,12,,www.esufa.edu.com,S,01-10-2019,10409,6,FORMAR Y CAPACITAR INTEGRALMENTE AL PERSONAL DE SUBOFICIALES DE LA FUERZA AEREA COLOMBIANA.
9103,9103,ESCUELA MILITAR DE AVIACION MARCO FIDEL SUAREZ,Activa,800.141.621,Principal,Nacional,Oficial,Institución Universitaria/Escuela Tecnológica,Valle del Cauca,Santiago de Cali,Carrera  8  58-67,4881000,Decreto,Presidencia de la Rep¿blica,2247,23-12-1920,4,,www.emavi.edu.co,S,20-02-2024,1443,8,"FORMAR A LOS FUTUROS OFICIALES DE LA FUERZA AEREA COLOMBIANA CON OPTIMAS CUALIDADES HUMANAS, CAPACITANDOLOS EN LAS ESPECIALIDADES QUE REQUIERA LA FUERZA AEREA.    

EFECTUAR OPERACIONES AEREAS EN APOYO AL CONTROL Y MANTENIMIENTO DEL ORDEN PUBLICO."
9104,9104,ESCUELA MILITAR DE CADETES GENERAL JOSE MARIA CORDOVA,Activa,800131272-0,Principal,Nacional,Oficial,Institución Universitaria/Escuela Tecnológica,"Bogotá, D.C.","Bogotá, D.C.",Calle  80  38-00 (Avenida Suba),3770850,No informa,CONGRESO,30,28-12-1992,8,,www.esmic.edu.co,S,10-12-2021,23657,6,"FORMAR INTEGRALMENTE AL CADETE COMO PROFESIONAL EN CIENCIAS MILITARES Y ESTUDIOS COMPLEMENTARIOS EN OTRAS CIENCIAS, PARA QUE ESTE EN CAPACIDAD DE LIDERAR, CONDUCIR, INSTRUIR A LOS HOMBRES EN LA PAZ ,ADMINISTRAR EFICIENTEMENTE  LOS RECURSOS TENIENDO COMO VALORES FUNDAMENTALES DE SU PROFESI¿N EL HONOR MILITAR, LA HONESTIDAD, LA DISCIPLINA, EL VALOR, LA ¿TICA, LA PROTECCI¿N DEL MEDIO AMBIENTE Y EL RESPETO POR LOS DERECHOS HUMANOS PARA QUE COMO OFICIAL DEL EJ¿RCITO SEA UN L¿DER MILITAR."
9105,9105,ESCUELA NAVAL DE CADETES ALMIRANTE PADILLA,Activa,800141648-9,Principal,Nacional,Oficial,Universidad,Bolívar,Cartagena de Indias,"Barrio Manzanillo, Avenida El Bosque",6694295,Decreto,Gobierno Nacional,793,06-07-1907,14,7,www.escuelanaval.edu.co,S,15-05-2024,7469,8,"FORMAR INTEGRALMENTE A LOS CADETES Y CAPACITAR A LOS OFICIALES DE LA ARMADA NACIONALY DE LA MARINA MERCANTE, CON EL PROPOSITO DE GARANTIZAR EL CUMPLIMIENTO DE LA MISION INSTITUCIONAL."
9107,9107,ESCUELA DE INGENIEROS MILITARES,Activa,8300874434,Principal,Nacional,Oficial,Institución Universitaria/Escuela Tecnológica,"Bogotá, D.C.","Bogotá, D.C.",Carrera  50 #18-06 Puente Aranda,4468011,No informa,Comando del Ej¿rcito Nacional,00015,09-08-1983,7,,www.esing.mil.co,N,,,,* *
9108,9108,INSTITUTO CARO Y CUERVO,Activa,899999096-6,Principal,Nacional,Oficial,Institución Universitaria/Escuela Tecnológica,"Bogotá, D.C.","Bogotá, D.C.",Calle 10  4-69,3422121,No informa,_,_,31-12-1969,6,,www.caroycuervo.gov.co,N,,,,
9109,9109,INSTITUTO TECNOLOGICO DE ELECTRONICA Y COMUNICACIONES-ITEC-,Inactiva,No Informa,Principal,Nacional,Oficial,Institución Tecnológica,"Bogotá, D.C.","Bogotá, D.C.",Trv 49 No. 105-84,2536040,Resolución,TELECOM,9,17-06-1964,,,www.prueba.com.co,N,,,,MISION
9110,9110,SERVICIO NACIONAL DE APRENDIZAJE-SENA-,Activa,899.999.034-1,Principal,Nacional,Oficial,Institución Tecnológica,"Bogotá, D.C.","Bogotá, D.C.",Carrera 13 No. 65-10,5944001,Ley,CONGRESO DE COLOMBIA,30,28-12-1992,1522,3,www.sena.edu.co,N,,,,MISION
9110,9111,SERVICIO NACIONAL DE APRENDIZAJE-SENA-,Activa,899.999.034-1,Seccional,Nacional,Oficial,Institución Tecnológica,Valle del Cauca,Santiago de Cali,Carrera (Avenida Guadalupe) No.3 - 88,4315859,No informa,Congreso de la Republica,30,19-03-2007,,,www.senavalle.edu.co,N,,,,"EL SENA , ESTA ENCARGADO DE CUMPLIR LA FUNCION QUE CORRESPONDE AL ESTADO DE INVERTIR EN EL DESARROLLO SOCIAL Y TECNICO DE LOS TRABAJADORES COLOMBIANOS, OFRECIENDO Y EJECUTANDO LA FORMACION PROFESIONAL INTEGRAL, PARA LA INCORPORACION Y EL DESARROLLO DE LAS PERSONAS EN ACTIVIDADES PRODUCTIVAS QUE CONTRIBUYAN AL DESARROLLO SOCIAL,ECONOMICO Y TECNOLOGICO DEL PAIS."
9110,9112,SERVICIO NACIONAL DE APRENDIZAJE-SENA-,Activa,899.999.034-1,Seccional,Nacional,Oficial,Institución Tecnológica,Antioquia,Medellín,Calle 51  57-70,,No informa,CONGRESO DE LA REPUBLICA,30,19-03-2007,,,www.senamed.edu.co,N,,,,"INVERTIR EN EL DESARROLLO SOCIAL Y  TECNICO DE LOS TRABAJADORES COLOMBIANOS; OFRECIENDO Y EJECUTANDO FORMACION PROFESIONAL, PARA LA INCORPORACION Y EL DESARROLLO DE LAS PERSONAS EN ACTIVIDADES PRODUCT"
9110,9113,SERVICIO NACIONAL DE APRENDIZAJE-SENA-,Activa,899.999.034-1,Seccional,Nacional,Oficial,Institución Tecnológica,Cundinamarca,Mosquera,Km. 16 Via Bogota- Mosquera,,No informa,Congreso de la Republica,30,19-03-2007,,,www.sena.edu.co,N,,,,MISION
9110,9114,SERVICIO NACIONAL DE APRENDIZAJE-SENA-,Activa,899.999.034-1,Seccional,Nacional,Oficial,Institución Tecnológica,Quindío,Armenia,Carrera 19  7-75,,No informa,Congreso de la Republica,30,19-03-2007,,,www.sena.edu.co,N,,,,MISION
9110,9115,SERVICIO NACIONAL DE APRENDIZAJE-SENA-,Activa,899.999.034-1,Seccional,Nacional,Oficial,Institución Tecnológica,Valle del Cauca,Guadalajara de Buga,Variante Tulua- Buenaventura,,No informa,Congreso de la Republica,30,19-03-2007,,,www.sena.edu.co,N,,,,MISION
9116,9116,FUNDACION UNIVERSITARIA CLARETIANA - UNICLARETIANA,Activa,9000059366,Principal,Fundación,Privado,Institución Universitaria/Escuela Tecnológica,Chocó,Quibdó,Calle 20 No 5 - 66 Barrio La Yesquita,6711217,Resolución,Ministerio de Educaci¿n Nacional,2233,23-06-2006,21,3,www.fucla.edu.co,N,,,,
9117,9117,ESCUELA INTERNACIONAL DE ESTUDIOS SUPERIORES - INTER,Activa,900093502-9,Principal,Fundación,Privado,Institución Técnica Profesional,"Bogotá, D.C.","Bogotá, D.C.",Av. Caracas No. 35-38,2320155,Resolución,MINISTERIO DE EDUCACION NACIONAL,3623,04-07-2006,2,,http://inter.edu.co/,N,,,,
9119,9119,CORPORACION UNIVERSITARIA AMERICANA,Activa,900114439-4,Principal,Corporación,Privado,Institución Universitaria/Escuela Tecnológica,Atlántico,Barranquilla,"Calle 71 No. 41C -35, Edificio COSMOS, Bloque D.",3851027,Resolución,MINISTERIO DE EDUCACION NACIONAL,6341,17-10-2006,137,,www.americana.edu.co,N,,,,
9120,9120,FUNDACION UNIVERSITARIA BELLAS ARTES,Activa,900126062-3,Principal,Fundación,Privado,Institución Universitaria/Escuela Tecnológica,Antioquia,Medellín,"Palacio Bellas Artes, Calle 52 No. 42-08",4447787,Resolución,Ministerio de Educaci¿n Nacional,6342,17-10-2006,6,,www.bellasartesmed.edu.co,N,,,,
9121,9121,FUNDACION UNIVERSITARIA COLOMBO INTERNACIONAL - UNICOLOMBO,Activa,900131269,Principal,Fundación,Privado,Institución Universitaria/Escuela Tecnológica,Bolívar,Cartagena de Indias,"Centro, Calle de la Factoria 36-27",6600098,Resolución,MINISTERIO DE EDUCACION NACIONAL,7774,01-12-2006,15,,www.unicolombo.edu.co,N,,,,
1735,9122,UNIVERSIDAD MANUELA BELTRAN-UMB-,Activa,860.517.647-5,Seccional,Fundación,Privado,Universidad,Santander,Bucaramanga,Calle de los Estudiantes 10-20 Ciudadela Real de Minas,6445323,Resolución,MINISTERIO DE EDUCACION NACIONAL,11110,13-07-1983,17,,www.umb.edu.co,S,01-02-2024,732,6,
1826,9123,UNIVERSIDAD ANTONIO NARIÑO,Activa,860.056.070-7,Seccional,Corporación,Privado,Universidad,Huila,Neiva,Clle 7 #3-27 y Clle 19 #42-98,8719541,No informa,MINISTERIO DE EDUCACION NACIONAL,4571,24-05-1977,,,http://www.uan.edu.co/design/sedes/home.htm,N,,,,
9124,9124,TECNOLOGICO COREDI,Activa,900175084-4,Principal,Fundación,Privado,Institución Tecnológica,Antioquia,Marinilla,Calle 30 #36-11,5690120,No informa,Ministerio de Educación Nacional,1896,17-04-2007,6,,www.coredi.edu.co,N,,,,Informaci¿n no disponible
1201,9125,UNIVERSIDAD DE ANTIOQUIA,Activa,890.980.040-8,Seccional,Nacional,Oficial,Universidad,Antioquia,Santa Fé de Antioquia,Calle 9 7-36 Diagonal al Comando de Policia,8531743,No informa,SIN DATO,SIN DATO,12-03-2008,,,www.udea.edu.co,S,14-07-2023,12029,10,SIN DEFINIR
9126,9126,CORPORACION TECNOLOGICA INDOAMERICA,Activa,900243674-1,Principal,Corporación,Privado,Institución Tecnológica,Atlántico,Barranquilla,Carrera 46 Calle 57 Esquina,3697604,Resolución,MINISTERIO DE EDUCACION NACIONAL.,6173,22-09-2008,5,,www.indoamerica.edu.co,N,,,,
9127,9127,CORPORACION UNIVERSITARIA DE SABANETA - UNISABANETA,Activa,900.253.021-5,Principal,Corporación,Privado,Institución Universitaria/Escuela Tecnológica,Antioquia,Sabaneta,Calle 75 sur #34-120,3011818,Resolución,MINISTERIO DE EDUCACION NACIONAL.,7184,24-10-2008,16,,www.unisabaneta.edu.co,N,,,,
9128,9128,LCI - FUNDACION TECNOLOGICA,Activa,900262351,Principal,Fundación,Privado,Institución Tecnológica,"Bogotá, D.C.","Bogotá, D.C.",Calle 77 A N. 13 - 12 Barrio El Espartillal,2174757,Resolución,MINISTERIO DE EDUCACION NACIONAL,8973,01-12-2008,17,,No disponible,N,,,,Mision no diponible
9129,9129,FUNDACION UNIVERSITARIA CAFAM -UNICAFAM,Activa,900262398-4,Principal,Fundación,Privado,Institución Universitaria/Escuela Tecnológica,"Bogotá, D.C.","Bogotá, D.C.",AVENIDA CRA 68 #90-88,6468000,Resolución,MINISTERIO DE EDUCACION NACIONAL,9336,12-12-2008,24,,www.unicafam.edu.co,N,,,,
9130,9130,INSTITUTO TECNOLOGICO COMFAMILIAR DE PUTUMAYO,Inactiva,np,Principal,Corporación,Privado,Institución Tecnológica,Putumayo,Puerto Asís,Clle 11 Cra 17 esquina,11,No informa,SIN DATO,SIN DATO,21-08-2009,,,no diponible,N,,,,
9131,9131,FUNDACIÓN UNIVERSITARIA CERVANTES SAN AGUSTÍN - UNICERVANTES,Activa,9002941201,Principal,Fundación,Privado,Institución Universitaria/Escuela Tecnológica,"Bogotá, D.C.","Bogotá, D.C.",Calle 77#11-63,2120515,No informa,Ministerio de Educaci¿n Nacional,3600,02-06-2009,24,,www.unicervantes.edu.co,N,,,,
9132,9132,FUNDACION UNIVERSITARIA CIEO - UNICIEO,Activa,900.372.111-1,Principal,Fundación,Privado,Institución Universitaria/Escuela Tecnológica,"Bogotá, D.C.","Bogotá, D.C.",Cra 5 N° 118-10,6371160,No informa,Ministerio de Educación Nacional,6168,14-07-2010,5,,no disponible,N,,,,
9899,9899,INSTITUCION UNIVERSITARIA DE COLOMBIA - UNIVERSITARIA DE COLOMBIA,Activa,900350945-0,Principal,Corporación,Privado,Institución Universitaria/Escuela Tecnológica,"Bogotá, D.C.","Bogotá, D.C.",Carrera 7  35-85,2324070,No informa,Ministerio de Educación Nacional,2202,30-03-2010,28,,www.universitariadecolombia.edu.co,N,,,,"alexander buendia 3125876156
carlos moreno de caro 3102216817"
9900,9900,CORPORACION UNIVERSITARIA U DE COLOMBIA,Activa,900378694-9,Principal,Corporación,Privado,Institución Universitaria/Escuela Tecnológica,Antioquia,Medellín,Calle 56 #41-147,2398080,No informa,Ministerio de Educación Nacional,6731,05-08-2010,25,,www.udecolombia.edu.co,N,,,,
9901,9901,INSTITUCION UNIVERSITARIA CENTRO DE ESTUDIOS SUPERIORES MARIA GORETTI,Inactiva,800109387-7,Principal,Fundación,Privado,Institución Tecnológica,Nariño,Pasto,Carrera 20A  14-54,,Resolución,MINISTERIO DE EDUCACION NACIONAL,10735,20-10-2010,,,www.iucesmag.edu.co,N,,,,"EL CENTRO DE ESTUDIOS SUPERIORES MARIA GORETTI-CESMAG, COMO  INSTITUCION CATOLICA, DE NIVEL UNIVERSITARIO, ORIENTADA POR LOS PRINCIPIOS DE LA PEDAGOGIA FRANCISCANO-CAPUCHINA, OFRECE FORMACION INTEGRAL, PERSONALIZANTE Y HUMANIZADORA A LA COMUNIDAD ESTUDIANTIL Y, FIEL AL PENSAMIENTO DE SU FUNDADOR, ABRE ESPACIOS EDUCATIVOS PREFERENTEMENTE A LOS MAS NECESITADOS, BUSCA LA FORMACION PROFESIONAL CON EXCELENCIA PARA QUE LA PERSONA EN SU DESEMPE?O, INDUZCA EL DESARROLLO, TRANSFORMACION E INNOVACION DE LA SOCIEDAD.

SU ESTRUCTURA ADMINISTRATIVA SE CONSOLIDARA EN UNA ORGANIZACION FUNCIONAL DE JERARQUIZACION, CONTINGENCIAL Y DE STAFF, CON NIVELES DE DESCENTRALIZACION Y DELEGACION QUE PERMITA UNA TOMA DE DECISIONES OPORTUNA Y AGIL A TRAVES DE UNA COMUNICACION RESPONSABLE Y DINAMICA.

EL TALENTO HUMANO SE DESTACARA POR LA CREATIVIAD, LA RESPONSABILIDAD, EL ESPIRITU DE SERVICIO Y UN ALTO SENTIDO DE PERTENENCIA Y DE COMPROMISO CON LA FILOSOFIA PERSONALIZANTE."
9902,9902,FUNDACION UNIVERSITARIA COMFENALCO SANTANDER,Activa,900395956-5,Principal,Fundación,Privado,Institución Universitaria/Escuela Tecnológica,Santander,Bucaramanga,Avenida González Valencia #52-69,6577000,No informa,Ministerio de Educación Nacional,8562,27-09-2010,3,,www.comfenalcosantander.com.co,N,,,,
9903,9903,TEC ALIANZA,Activa,900401526-8,Principal,Corporación,Privado,Institución Tecnológica,"Bogotá, D.C.","Bogotá, D.C.",Cra 11 N. 65 - 30,6017458227,Resolución,Ministerio de Educaci¿n Nacional,9150,21-10-2010,11,,www.cetcolsubsidio.edu.co,N,,,,
9904,9904,FUNDACION UNIVERSITARIA COLOMBO GERMANA,Activa,900407222-1,Principal,Fundación,Privado,Institución Universitaria/Escuela Tecnológica,"Bogotá, D.C.","Bogotá, D.C.",Avenida Caracas #63-87,5879730,Resolución,MINISTERIO DE EDUCACION NACIONAL,10263,22-11-2010,27,,no disponible,N,,,,
9905,9905,FUNDACION ESCUELA TECNOLOGICA DE NEIVA - JESUS OVIEDO PEREZ -FET,Activa,900440771-2,Principal,Fundación,Privado,Institución Universitaria/Escuela Tecnológica,Huila,Rivera,Km.11 v¿a al Sur,8600117,Resolución,Ministerio de Educaci¿n Nacional,1595,28-02-2011,17,,www.fet.edu.co,N,,,,
9906,9906,CORPORACIÓN UNIVERSITARIA PARA EL DESARROLLO EMPRESARIAL Y SOCIAL - MISIÓN PAZ.,Activa,900422582-0,Principal,Corporación,Privado,Institución Universitaria/Escuela Tecnológica,Valle del Cauca,Santiago de Cali,Cll. 27 Norte N. 6BN ¿ 50 Santa M¿nica Residencial,3128849207,Resolución,Ministerio de Educaci¿n Nacional,1051,15-02-2011,5,,NO DISPONIBLE,N,,,,
9907,9907,FUNDACION UNIVERSITARIA NAVARRA - UNINAVARRA,Activa,36180562,Principal,Fundación,Privado,Institución Universitaria/Escuela Tecnológica,Huila,Neiva,CALLE 10 # 6-41,8717770,No informa,Ministerio de Educación Nacional,10570,22-11-2011,17,,www.uninavarra.edu.co,N,,,,Misión
1203,9908,UNIVERSIDAD DEL VALLE,Activa,890.399.010-6,Seccional,Departamental,Oficial,Universidad,Valle del Cauca,Guadalajara de Buga,Carrera 13 5-21,2370000,Ordenanza,Asamblea Departamental del Valle,12,11-06-1945,,,HTTP://BUGA.UNIVALLE.EDU.CO,N,,,,
1203,9909,UNIVERSIDAD DEL VALLE,Activa,890399010-6,Seccional,Nacional,Oficial,Universidad,Valle del Cauca,Zarzal,Calle 14 N¿ 7-134 Barrio Bolivar,57 2 22091,Ordenanza,Asamblea Departamental del Valle,12,11-06-1945,,,HTTP://ZARZAL.UNIVALLE.EDU.CO,N,,,,
9910,9910,FUNDACION UNIVERSITARIA LUIS G. PAEZ - UNIPAEZ,Activa,900511207-5,Principal,Fundación,Privado,Institución Universitaria/Escuela Tecnológica,"Bogotá, D.C.","Bogotá, D.C.",Carrera 5 #65-50,3452497,No informa,Ministerio de Educación Nacional,10733,23-11-2011,2,,www.uniluisgpaez.edu.co,N,,,,
1203,9911,UNIVERSIDAD DEL VALLE,Activa,890.399.010-6,Seccional,Departamental,Oficial,Universidad,Valle del Cauca,Buenaventura,Av.Simón Bolivar Km 9 Contiguo al Colegio ITI,1,Ordenanza,Asamblea Departamental del Valle,12,11-06-1945,,,www.univalle.edu.co,N,,,,
1203,9912,UNIVERSIDAD DEL VALLE,Activa,890399010-6,Seccional,Nacional,Oficial,Universidad,Valle del Cauca,Palmira,Carrera 31 Av. La Carbonera,2704760,Ordenanza,Asamblea Departamental del Valle,12,11-06-1945,,2,HTTP://PALMIRA.UNIVALLE.EDU.CO,N,,,,
9913,9913,CORPORACION UNIVERSITARIA DE ASTURIAS,Activa,900509172-1,Principal,Corporación,Privado,Institución Universitaria/Escuela Tecnológica,"Bogotá, D.C.","Bogotá, D.C.",Carrera 18 No. 79-25,3174231476,Resolución,MINISTERIO DE EDUCACION,1110,02-02-2012,42,,https://uniasturias.edu.co/,N,,,,
9914,9914,"ESEIT - ESCUELA SUPERIOR DE EMPRESA, INGENIERÍA Y TECNOLOGÍA",Activa,9005345244,Principal,Corporación,Privado,Institución Universitaria/Escuela Tecnológica,"Bogotá, D.C.","Bogotá, D.C.",Carrera 11 #80-57,5521860,No informa,Ministerio de Educaci¿n Nacional,4787,08-05-2012,26,,https://www.eseit.edu.co/,N,,,,
9915,9915,UNIVERSITARIA VIRTUAL INTERNACIONAL,Activa,900.524.285-6,Principal,Fundación,Privado,Institución Universitaria/Escuela Tecnológica,"Bogotá, D.C.","Bogotá, D.C.",Carrera 19 71 A-23,7421994,Resolución,MINISTERIO DE EDUCACION NACIONAL,4788,08-05-2012,16,,www.uvirtual.edu.co,N,,,,
9918,9918,INSTITUCION UNIVERSITARIA CONOCIMIENTO E INNOVACION PARA LA JUSTICIA - CIJ,Activa,79357338,Principal,Nacional,Oficial,Institución Universitaria/Escuela Tecnológica,Cundinamarca,Cota,Km 4 Vía Suba a Cota,6831062,Ley,Congreso de la Republica,1654,15-07-2013,3,,www.,N,,,,
9919,9919,TECNOLOGICO DE ENERGIA E INNOVACION-  E-LERNOVA,Activa,900750134-0,Principal,Fundación,Privado,Institución Tecnológica,Cundinamarca,Chía,Cra. 7 Km 17 Los Arrayanes,8844310,No informa,Ministerio de Educaci¿n Nacional,4283,27-03-2014,,,www.elernova.edu.co,N,,,,
1101,9920,UNIVERSIDAD NACIONAL DE COLOMBIA,Activa,899.999.063-3,Seccional,Nacional,Oficial,Universidad,Nariño,San Andrés de Tumaco,Calle 44 N¿ 45-67,3165000,Acuerdo,Consejo Superior Universitario,014,10-03-1997,,,http://www.tumaco-pacifico.unal.edu.co/,S,25-08-2021,15859,10,Misi¿n
9921,9921,FUNDACION UNIVERSITARIA CATOLICA DEL SUR - UNICATOLICA DEL SUR,Activa,900901398-7,Principal,Fundación,Privado,Institución Universitaria/Escuela Tecnológica,Nariño,Pasto,CALLE 18 N¿ 56 -02,7216608,Resolución,MINISTERIO DE EDUCACI¿N NACIONAL,15596,23-09-2015,2,,www.catolicadelsur.edu.co,N,,,,
9922,9922,FUNDACION UNIVERSITARIA COMFAMILIAR RISARALDA,Activa,900893985-5,Principal,Fundación,Privado,Institución Universitaria/Escuela Tecnológica,Risaralda,Pereira,CRA. 5 N¿ 21 - 30,3172400,No informa,MINISTERIO DE EDUCACI¿N NACIONAL,14053,07-09-2015,17,1,www.uc.edu.co,N,,,,AAA
9923,9923,CORPORACION UNIVERSITARIA DE CATALUÑA,Activa,901032802-6,Principal,Corporación,Privado,Institución Universitaria/Escuela Tecnológica,"Bogotá, D.C.","Bogotá, D.C.",Cra 18B No 106 A-15,6372511,Resolución,Ministerio de Educaci¿n Nacional,21329,15-11-2016,5,,www.udecatalunya.edu.co,N,,,,
9924,9924,FUNDACION UNIVERSITARIA INTERNACIONAL DE COLOMBIA - UNINCOL,Activa,901.040.737-9,Principal,Fundación,Privado,Institución Universitaria/Escuela Tecnológica,"Bogotá, D.C.","Bogotá, D.C.",Calle 39A No. 19-18,3106739215,Resolución,Ministerio de Educacion Nacional,21328,15-11-2016,5,,www.unincol.edu.co,N,,,,
9925,9925,FUNDACION UNIVERSITARIA FCV,Activa,901045132-6,Principal,Fundación,Privado,Institución Universitaria/Escuela Tecnológica,Santander,Floridablanca,Calle 155A No. 23-58 Urbanizaci¿n El Bosque,6399292,Resolución,MINISTERIO DE EDUCACION NACIONAL,21212,10-11-2016,4,,no informa,N,,,,
9926,9926,FUNDACION UNIVERSITARIA INTERNACIONAL DE LA RIOJA - UNIR,Activa,901096617-4,Principal,Fundación,Privado,Institución Universitaria/Escuela Tecnológica,"Bogotá, D.C.","Bogotá, D.C.",Calle 100  19-61 Piso 8,5169659,Resolución,MINISTERIO DE EDUCACION NACIONAL,13130,07-07-2017,41,,unir,N,,,,
9927,9927,INSTITUCION UNIVERSITARIA DIGITAL DE ANTIOQUIA -IU. DIGITAL,Activa,901168222-9,Principal,Departamental,Oficial,Institución Universitaria/Escuela Tecnológica,Antioquia,Medellín,Cra 55 N. 42 - 90 Int. 0101,6045200750,Ordenanza,Asamblea Departamental de Antioquia,74,27-12-2017,23,,www.iudigital.edu.co/Paginas/default.aspx,N,,,,
9928,9928,FUNDACIÓN UNIVERSITARIA SALESIANA,Activa,901181117-7,Principal,Fundación,Privado,Institución Universitaria/Escuela Tecnológica,"Bogotá, D.C.","Bogotá, D.C.",Avenida el Dorado No. 69-96,7462738,Resolución,Ministerio de Educaci¿n Nacional,06095,09-04-2018,8,,https://www.salesiana.edu.co/,N,,,,
9929,9929,UNIVERSIDAD AUTÓNOMA INDÍGENA INTERCULTURAL - UAIIN,Activa,8242153,Principal,Nacional,Oficial,Universidad,Cauca,Popayán,Calle 78N - Carrera 19N Urbanizaci¿n La Aldea,8240343,No informa,SIN DATO,SIN DATO,26-06-2018,12,,www.uaiinpebi-cric.edu.co,N,,,,
9930,9930,INSTITUCION UNIVERSITARIA COMANDO DE EDUCACION Y DOCTRINA - CEDOC DEL EJERCITO NACIONAL,Activa,NO INFORMA,Principal,Nacional,Oficial,Institución Universitaria/Escuela Tecnológica,Cundinamarca,Facatativá,Calle 5 con Carrera 15,3133003799,No informa,SIN DATO,SIN DATO,14-08-2018,3,,www.ejercito.mil.co/?idcategoria=221634,N,,,,
9931,9931,FUNDACIÓN UNIVERSITARIA PATRICIO SYMES,Activa,901184569-6,Principal,Fundación,Privado,Institución Universitaria/Escuela Tecnológica,"Bogotá, D.C.","Bogotá, D.C.",Cra. 16 No. 70a-68,2172183,Resolución,Ministerio de Educaci¿n Nacional,07081,30-04-2018,2,,no disponible,N,,,,
9932,9932,FUNDACIÓN UNIVERSITARIA SAN PABLO - UNISANPABLO,Activa,901208296-6,Principal,Fundación,Privado,Institución Universitaria/Escuela Tecnológica,"Bogotá, D.C.","Bogotá, D.C.",Calle 170 No. 8G-31,6 71 1221,Acta,Consejo de Fundadores de la UNISANPABLO.,009,20-08-2015,4,,www.unisanpablo.co,N,,,,
1101,9933,UNIVERSIDAD NACIONAL DE COLOMBIA,Activa,899.999.063-3,Seccional,Nacional,Oficial,Universidad,Cesar,La Paz,Carrera 45 #26 - 85,3165000,Acuerdo,Consejo Superior Universitario,250,24-10-2018,7,,http://delapaz.unal.edu.co/,S,25-08-2021,15859,10,
9934,9934,CENTRO DE ESTUDIOS AERONÁUTICOS - CEA,Activa,899.999.059-3,Principal,Nacional,Oficial,Institución Universitaria/Escuela Tecnológica,"Bogotá, D.C.","Bogotá, D.C.",Avenida el Dorado N¿. 103 - 23,4251000,Acta,Consejo Directivo,074,19-12-2014,1,,www.centrodeestudiosaeronauticos.edu.co/cea/,N,,,,
9935,9935,UNIDAD TECNOLÓGICA DEL MAGDALENA MEDIO - UTEM -,Activa,901.167.074-0,Principal,Fundación,Privado,Institución Tecnológica,Santander,Barrancabermeja,Calle 55 # 19-25,6024379,No informa,Ministerio de Educaci¿n Nacional,1251,30-01-2018,1,,www.utem.edu.co,N,,,,
9936,9936,CORPORACIÓN UNIVERSITARIA AUTÓNOMA DEL NORTE,Activa,901278157-1,Principal,Corporación,Privado,Institución Universitaria/Escuela Tecnológica,Norte de Santander,San José de Cúcuta,AV 2 # 13-30,7557153,No informa,Ministerio de Educaci¿n Nacional,04013,12-04-2019,6,,www.unanorte.com,N,,,,
9937,9937,CORPORACION TECNICA PROFESIONAL CAMINOS DEL SUROCCIDENTE COLOMBIANO,Activa,901424500-1,Principal,Corporación,Privado,Institución Técnica Profesional,Cauca,Timbío,calle 15#19-19 barrio centro,3136316976,No informa,MINISTERIO DE EDUCACION NACIONAL,011222,25-10-2019,2,,www.corpocaminos.edu.co,N,,,,
9938,9938,UNIVERSITARIA DEL CHICAMOCHA,Activa,901.575.686-8,Principal,Corporación,Privado,Institución Universitaria/Escuela Tecnológica,Santander,Bucaramanga,calle 62 #27-126,3176490529,No informa,ASAMBLEA GENERAL,1,01-10-2019,1,,www.unich.edu.co,N,,,,"La Universitaria del Chicamocha es una instituci¿n de educaci¿n superior que se proyecta para atender problem¿ticas y promover las dimensiones culturales, ambientales y tur¿sticas de la regi¿n nororiental del pa¿s, a partir de la oferta de programas acad¿micos y de actividades de investigaci¿n formativa y de proyecci¿n social, centradas en una educaci¿n que promueva el pensamiento reflexivo y cr¿tico, para el desarrollo de conocimientos te¿ricos y pr¿cticos basados en los valores universales del ser humano, la b¿squeda de la calidad de vida, del buen vivir con sentido ¿tico y de la recuperaci¿n y reivindicaci¿n cultural de las costumbres ancestrales del departamento de Santander."
9939,9939,FUNDACIÓN UNIVERSITARIA CATÓLICA DEL CARIBE,Activa,901527499-2,Principal,Fundación,Privado,Institución Universitaria/Escuela Tecnológica,Atlántico,Barranquilla,Calle 75B No. 42F-83,3600047,No informa,MINISTERIO DE EDUCACION NACIONAL,015855,25-08-2021,1,,https: //FUNCATC.org/,N,,,,
9940,9940,INSTITUCION UNIVERSITARIA DE SANTA MARTA,Activa,901736641-9,Principal,Municipal,Oficial,Institución Universitaria/Escuela Tecnológica,Magdalena,Santa Marta,"Calle 29a #35-390, Barrio Mamatoco-CAMPUS USM",3104573534,No informa,SIN DATO,SIN DATO,13-01-2023,4,,www.usm.edu.co,N,,,,"El Polit¿cnico Distrital de Santa Marta, es una instituci¿n universitaria p¿blica orientada a la formaci¿n de ciudadanos l¿deres, que piensan y act¿an bajo principios de valores ¿ticos, y que desarrollan con habilidades anal¿ticas y reflexivas con un alto sentido  de responsabilidad social, ambiental y cultural, debida a la vocaci¿n institucional por comprender y atender con soluciones pertinentes las problem¿ticas del entorno inmediato y los desaf¿os del mundo  contempor¿neo. Desde los principios institucionales, se promueve generar conciencia por la transformaci¿n positiva y el  mejoramiento continuo del territorio samario y magdalenense, apoy¿ndose para ello en procesos innovadores de docencia, investigaci¿n formativa y extensi¿n, propendiendo por el reconocimiento y defensa de las caracter¿sticas culturales propias y por la valoraci¿n  y respeto de la culturas de otros contextos."
9941,9941,CORPORACIÓN INSTITUCIÓN UNIVERSITARIA SALUD COLOMBIA - UNISALUD,Activa,901352080-8,Principal,Corporación,Privado,Institución Universitaria/Escuela Tecnológica,Tolima,Ibagué,Calle 47 No. 6A-41,3005629532,No informa,MINISTERIO DE EDUCACI¿N NACIONAL,4035,13-03-2023,4,,www.noenvio.com.co,N,,,,
9942,9942,CORPORACIÓN INSTITUCIÓN UNIVERSITARIA SALUD COLOMBIA -UNISALUD-,Inactiva,9013520808,Principal,Corporación,Privado,Institución Universitaria/Escuela Tecnológica,Tolima,Ibagué,Calle 47  No. 6 A ¿ 41 Ibagu¿,3005629532,No informa,MINISTERIO DE EDUCACI¿N,4035,13-03-2023,,,www.pendiente.co,N,,,,
1704,9943,UNIVERSIDAD SANTO TOMAS,Activa,8600012357-6,Seccional,Fundación,Privado,Universidad,Meta,Villavicencio,CRA. 22 con CLL. 1A V¿a a Puerto L¿pez,678 42 60,No informa,Ministerio de Justicia,3645,06-08-1965,7,,www.ustavillavicencio.edu.co,S,28-07-2023,14525,6,"La Misi¿n de la Universidad Santo Tom¿s, inspirada en el pensamiento humanista-cristiano de Santo Tom¿s de Aquino, consiste en promover la formaci¿n integral de las personas en el campo de la Educaci¿n Superior, mediante acciones y procesos de ense¿anza-aprendizaje, investigaci¿n y proyecci¿n social, para que respondan de manera ¿tica, creativa y cr¿tica a las exigencias de la vida humana y est¿n en condiciones de aportar soluciones a la problem¿tica y necesidades de la sociedad y del pa¿s."
9944,9944,INSTITUCIÓN UNIVERSITARIA DE LAS CULTURAS Y LAS ARTES POPULARES IPC,Activa,0000000000,Principal,Municipal,Oficial,Institución Universitaria/Escuela Tecnológica,Valle del Cauca,Santiago de Cali,Sede 1 Coltabaco: Calle 12 - Carrera 1 esquina,5141773,No informa,SIN DATO,SIN DATO,06-12-2023,2,,www.institutopopulardecultura.edu.co,N,,,,"La Instituci¿n Universitaria de las Culturas y las Artes Populares ¿IPC es una instituci¿n de educaci¿n superior participativa e incluyente, que tiene como misi¿n formar -con criterios de excelencia desde la docencia, la investigaci¿n, la proyecci¿n social, la internacionalizaci¿n e interculturalidad-, a seres humanos ¿ntegros, cr¿ticos, reflexivos, conscientes de s¿ mismos y de su rol como constructores de paz y del tejido social, a partir de un modelo educativo basado en la pedagog¿a cr¿tica y con s¿lidos principios ¿ticos, desde los cuales se fundamenta la propuesta formativa de los programas orientados a la cultura, en especial a la cultura popular y todas sus manifestaciones, las artes populares y tradicionales y la conservaci¿n del patrimonio cultural material e inmaterial."
9945,9945,CORPORACIÓN UNIVERSITARIA DE BOGOTA -UNIVERSITARIA DE BOGOTÁ,Activa,901819672-4,Principal,Corporación,Privado,Institución Universitaria/Escuela Tecnológica,"Bogotá, D.C.","Bogotá, D.C.",CALLE 34  N. 5 - 98,3202378109,No informa,CONSEJO DIRECTIVO,1,29-03-2021,4,,https://universitariadebogota.edu.co,N,,,,"La CORPORACI¿N UNIVERSITARIA DE BOGOT¿ - UNIVERSITARIA DE BOGOT¿ forma profesionales integrales en sus dimensiones cognitivas, f¿sicas, social, emocional y espirituales, a trav¿s de programas acad¿micos de educaci¿n superior en  pregrado que incluyen los ciclos proped¿uticos apoyados en curr¿culos que incentivan las actividades emprendedoras en entornos propicios para la innovaci¿n y la investigaci¿n, articulada con los diferentes contextos regionales y globales, conformando su comunidad acad¿mica con colectivos de personas que se destacan por su gesti¿n y servicio caracterizado por la calidad y la excelencia fundament¿ndose en principios y valores ¿ticos y morales."
9946,9946,INSTITUCIÓN UNIVERSITARIA PÚBLICA DE BELLO - IUPBELLO,Activa,9017979675,Principal,Municipal,Oficial,Institución Universitaria/Escuela Tecnológica,Antioquia,Bello,Cra. 57a N. 37 - 115 Bello - Antioquia,321 639218,No informa,SIN DATO,SIN DATO,15-05-2024,,,NO,N,,,,"La Instituci¿n Universitaria P¿blica de Bello busca la formaci¿n integral e incluyente de las personas desde la transformaci¿n del territorio, consolidando a partir de la docencia, la investigaci¿n y la extensi¿n capacidades humanas suficientes para la reconstrucci¿n del tejido social que permitan un buen vivir de la sociedad.

El alcance de la misi¿n describe:

La Formaci¿n integral e incluyente, para afrontar los retos globales, nacionales y regionales de cultivar la construcci¿n de comunidades incluyentes con una comprensi¿n integral del cuidado y respeto por la vida en todas sus manifestaciones.

Donde la Transformaci¿n del territorio, sea la aspiraci¿n personal, comunitaria y profesional de crear ambientes de construcci¿n de paz, de cooperaci¿n para el desarrollo con una mirada a los retos globales, pero aportando a las transformaciones de la ciudad, la regi¿n, el departamento de Antioquia y el pa¿s.

A trav¿s de la forja y formaci¿n de capacidades humanas para la reconstrucci¿n del tejido social y buen vivir de la sociedad, generando ecosistemas de innovaci¿n  social desde los conocimientos significativos, la investigaci¿n para la transformaci¿n empresarial y la promoci¿n social del entorno donde se ubica."
9947,9947,"FUNDACIÓN UNIVERSITARIA PARA LA INVESTIGACIÓN, EL DESARROLLO TECNOLÓGICO Y LA INNOVACIÓN - IDITEK",Activa,000000000011,Principal,Fundación,Privado,Institución Universitaria/Escuela Tecnológica,Atlántico,Barranquilla,Carrera 53. 53-109,3205311095,No informa,SIN DATO,SIN DATO,23-07-2024,6,,www.iditek.edu.co,N,,,,"IDITEK, Instituci¿n de Educaci¿n Superior, tiene como misi¿n transformar profesionales innovadores que aporten significativamente a las necesidades empresariales y de los sectores productivos, a trav¿s de la co-gesti¿n de alternativas pr¿cticas y propuestas de valor, fomentando la sostenibilidad mediante proyectos y actividades de investigaci¿n, innovaci¿n emprendimiento y consultor¿a, ofreciendo soluciones tecnol¿gicas cuyo resultado se fundamente principalmente en la eficiencia y eficacia de los procesos en los ¿mbitos p¿blicos y privados."
9948,9948,UNIVERSIDAD DE LOS PUEBLOS PASTOS Y QUILLASINGAS,Activa,10000008,Principal,Nacional,Oficial,Universidad,Nariño,Ipiales,Barrio Gualcala manzana 1 casa 72 Ipiales Narino,3205624652,No informa,Autoridades Ind Pastos y Quillasingas,01,21-10-2024,,,www.unipueblospq.com.co,N,,,,
